{"photo_space_origin": [1290.0, 1017.0], "photo_space_incenter": [1781.0, 1726.0], "robot_state": {"photo_at_motor_position": [196310, 412690, 136000]}, "dest_photo_space_incenter": [1051.2928174260082, 3996.7512252321826], "dest_rotation": -6.578854141917169, "solution_x": 1, "solution_y": 5}