{"photo_space_origin": [1171.0, 1016.0], "photo_space_incenter": [1607.0, 1471.0], "robot_state": {"photo_at_motor_position": [284096, 390330, 136000]}, "dest_photo_space_incenter": [18346.90974167983, 17179.262891476203], "dest_rotation": -6.189273986350042, "solution_x": 31, "solution_y": 24}