{"photo_space_origin": [1348.0, 898.0], "photo_space_incenter": [1812.0, 1487.0], "robot_state": {"photo_at_motor_position": [196310, 551322, 136000]}, "dest_photo_space_incenter": [11421.409741679829, 17211.161824886847], "dest_rotation": -6.992938611514018, "solution_x": 19, "solution_y": 24}