{"photo_space_origin": [1327.0, 850.0], "photo_space_incenter": [1952.0, 1253.0], "robot_state": {"photo_at_motor_position": [128032, 497658, 136000]}, "dest_photo_space_incenter": [8505.409741679829, 17222.33362637445], "dest_rotation": -4.437141671608973, "solution_x": 14, "solution_y": 24}