{"photo_space_origin": [1197.0, 963.0], "photo_space_incenter": [1468.0, 1401.0], "robot_state": {"photo_at_motor_position": [98770, 421634, 136000]}, "dest_photo_space_incenter": [20830.5, 210.55939542883425], "dest_rotation": -4.454381738520734, "solution_x": 35, "solution_y": 0}