{"photo_space_origin": [1574.0, 956.0], "photo_space_incenter": [1993.0, 1380.0], "robot_state": {"photo_at_motor_position": [176802, 511074, 136000]}, "dest_photo_space_incenter": [5426.044281052858, 15638.620767502602], "dest_rotation": -1.5845279985840373, "solution_x": 9, "solution_y": 22}