{"photo_space_origin": [1938.0, 1035.0], "photo_space_incenter": [2183.0, 1470.0], "robot_state": {"photo_at_motor_position": [118278, 367970, 136000]}, "dest_photo_space_incenter": [14870.0, 232.8209191262722], "dest_rotation": -4.758652242809046, "solution_x": 25, "solution_y": 0}