{"photo_space_origin": [1419.0, 1117.0], "photo_space_incenter": [1817.0, 1517.0], "robot_state": {"photo_at_motor_position": [362128, 587098, 136000]}, "dest_photo_space_incenter": [1989.9920807815033, 5396.805054600927], "dest_rotation": -7.756193306451578, "solution_x": 3, "solution_y": 7}