{"photo_space_origin": [1594.0, 909.0], "photo_space_incenter": [2072.0, 1353.0], "robot_state": {"photo_at_motor_position": [79262, 452938, 136000]}, "dest_photo_space_incenter": [21473.26767796203, 7351.86231071104], "dest_rotation": -1.2559357520089782, "solution_x": 36, "solution_y": 10}