{"photo_space_origin": [1121.0, 1086.0], "photo_space_incenter": [1764.0, 1490.0], "robot_state": {"photo_at_motor_position": [196310, 488714, 136000]}, "dest_photo_space_incenter": [4172.541522854695, 911.4827644749897], "dest_rotation": -2.3366473311880607, "solution_x": 7, "solution_y": 1}