{"photo_space_origin": [1620.0, 1246.0], "photo_space_incenter": [2103.0, 1586.0], "robot_state": {"photo_at_motor_position": [264588, 533434, 136000]}, "dest_photo_space_incenter": [20253.820432626486, 3765.312957904149], "dest_rotation": -4.902501668435932, "solution_x": 34, "solution_y": 5}