{"photo_space_origin": [1927.0, 1101.0], "photo_space_incenter": [2300.0, 1607.0], "robot_state": {"photo_at_motor_position": [303604, 390330, 136000]}, "dest_photo_space_incenter": [3914.980896053542, 10138.331343575483], "dest_rotation": -6.4070204187491395, "solution_x": 6, "solution_y": 14}