{"photo_space_origin": [1958.0, 1196.0], "photo_space_incenter": [2502.0, 1609.0], "robot_state": {"photo_at_motor_position": [332866, 381386, 136000]}, "dest_photo_space_incenter": [7786.379367964286, 6557.962231962158], "dest_rotation": -3.52028237416456, "solution_x": 13, "solution_y": 9}