{"photo_space_origin": [1912.0, 1184.0], "photo_space_incenter": [2304.0, 1684.0], "robot_state": {"photo_at_motor_position": [264588, 542378, 136000]}, "dest_photo_space_incenter": [20875.299853636112, 10110.819047267527], "dest_rotation": -2.5873390860944396, "solution_x": 35, "solution_y": 14}