{"photo_space_origin": [1751.0, 1172.0], "photo_space_incenter": [2055.0, 1619.0], "robot_state": {"photo_at_motor_position": [89016, 452938, 136000]}, "dest_photo_space_incenter": [22516.5, 229.19492442860428], "dest_rotation": -4.345352189185867, "solution_x": 38, "solution_y": 0}