{"photo_space_origin": [1732.0, 719.0], "photo_space_incenter": [2207.0, 1267.0], "robot_state": {"photo_at_motor_position": [167048, 564738, 136000]}, "dest_photo_space_incenter": [9614.179337058484, 9364.912062169655], "dest_rotation": -2.8246776639495463, "solution_x": 16, "solution_y": 13}