{"photo_space_origin": [1690.0, 1284.0], "photo_space_incenter": [2115.0, 1605.0], "robot_state": {"photo_at_motor_position": [284096, 367970, 136000]}, "dest_photo_space_incenter": [21336.401480899367, 8770.693199004381], "dest_rotation": -1.587395703366179, "solution_x": 36, "solution_y": 12}