{"photo_space_origin": [1289.0, 1019.0], "photo_space_incenter": [1796.0, 1535.0], "robot_state": {"photo_at_motor_position": [352374, 551322, 136000]}, "dest_photo_space_incenter": [20188.945757148773, 8789.39222599192], "dest_rotation": -4.1960299327014905, "solution_x": 34, "solution_y": 12}