{"photo_space_origin": [1359.0, 1207.0], "photo_space_incenter": [1773.0, 1425.0], "robot_state": {"photo_at_motor_position": [254834, 511074, 136000]}, "dest_photo_space_incenter": [13020.642661910913, 7843.3035919570375], "dest_rotation": -0.1231009605932174, "solution_x": 22, "solution_y": 11}