{"photo_space_origin": [1635.0, 855.0], "photo_space_incenter": [2076.0, 1262.0], "robot_state": {"photo_at_motor_position": [157294, 515546, 136000]}, "dest_photo_space_incenter": [2036.2768712276643, 16497.949611990225], "dest_rotation": -3.325740248101326, "solution_x": 3, "solution_y": 23}