{"photo_space_origin": [1504.0, 1146.0], "photo_space_incenter": [1903.0, 1595.0], "robot_state": {"photo_at_motor_position": [352374, 466354, 136000]}, "dest_photo_space_incenter": [16692.128901974902, 14175.876261512049], "dest_rotation": -6.039320384587132, "solution_x": 28, "solution_y": 20}