{"photo_space_origin": [1334.0, 1111.0], "photo_space_incenter": [1711.0, 1683.0], "robot_state": {"photo_at_motor_position": [147540, 350082, 136000]}, "dest_photo_space_incenter": [14383.020119030174, 1235.0642866667422], "dest_rotation": -6.306495514014118, "solution_x": 24, "solution_y": 1}