{"photo_space_origin": [1961.0, 829.0], "photo_space_incenter": [2391.0, 1433.0], "robot_state": {"photo_at_motor_position": [98770, 345610, 136000]}, "dest_photo_space_incenter": [13209.5, 242.5673530101776], "dest_rotation": -3.1354198924850123, "solution_x": 22, "solution_y": 0}