{"photo_space_origin": [1424.0, 1046.0], "photo_space_incenter": [1937.0, 1471.0], "robot_state": {"photo_at_motor_position": [167048, 412690, 136000]}, "dest_photo_space_incenter": [811.2143817662475, 12955.61469103286], "dest_rotation": -7.063443776702505, "solution_x": 1, "solution_y": 18}