{"photo_space_origin": [1586.0, 1163.0], "photo_space_incenter": [2047.0, 1677.0], "robot_state": {"photo_at_motor_position": [313358, 587098, 136000]}, "dest_photo_space_incenter": [9640.780080265446, 13040.501245417967], "dest_rotation": 1.4634667377247625, "solution_x": 16, "solution_y": 18}