{"photo_space_origin": [1160.0, 1039.0], "photo_space_incenter": [1665.0, 1638.0], "robot_state": {"photo_at_motor_position": [118278, 466354, 136000]}, "dest_photo_space_incenter": [9209.566991531407, 15103.037397542103], "dest_rotation": -8.6885470896413, "solution_x": 15, "solution_y": 21}