{"photo_space_origin": [1772.0, 811.0], "photo_space_incenter": [2091.0, 1462.0], "robot_state": {"photo_at_motor_position": [245080, 350082, 136000]}, "dest_photo_space_incenter": [23222.9921875, 5384.064974809535], "dest_rotation": -0.27288728492314984, "solution_x": 39, "solution_y": 7}