{"photo_space_origin": [1831.0, 1052.0], "photo_space_incenter": [2413.0, 1488.0], "robot_state": {"photo_at_motor_position": [215818, 511074, 136000]}, "dest_photo_space_incenter": [4169.283814445198, 16254.41028451989], "dest_rotation": -9.302720582023838, "solution_x": 7, "solution_y": 23}