{"photo_space_origin": [1471.0, 1129.0], "photo_space_incenter": [1879.0, 1471.0], "robot_state": {"photo_at_motor_position": [108524, 569210, 136000]}, "dest_photo_space_incenter": [10732.350846929585, 4749.413793881962], "dest_rotation": -2.686479343467307, "solution_x": 18, "solution_y": 6}