{"photo_space_origin": [980.0, 1194.0], "photo_space_incenter": [1544.0, 1483.0], "robot_state": {"photo_at_motor_position": [89016, 560266, 136000]}, "dest_photo_space_incenter": [20887.70281522302, 8965.726336808078], "dest_rotation": -3.5566995064821265, "solution_x": 35, "solution_y": 12}