{"photo_space_origin": [1461.0, 1260.0], "photo_space_incenter": [1802.0, 1738.0], "robot_state": {"photo_at_motor_position": [108524, 457410, 136000]}, "dest_photo_space_incenter": [8620.291055647052, 16323.574337257933], "dest_rotation": 2.98016002926052, "solution_x": 14, "solution_y": 23}