{"photo_space_origin": [1446.0, 825.0], "photo_space_incenter": [1944.0, 1257.0], "robot_state": {"photo_at_motor_position": [381636, 497658, 136000]}, "dest_photo_space_incenter": [16771.656983212055, 12265.59600658292], "dest_rotation": -2.9400663261284574, "solution_x": 28, "solution_y": 17}