{"photo_space_origin": [1748.0, 1197.0], "photo_space_incenter": [2296.0, 1787.0], "robot_state": {"photo_at_motor_position": [323112, 569210, 136000]}, "dest_photo_space_incenter": [18949.633065890735, 4734.843905788133], "dest_rotation": -5.415983881219615, "solution_x": 32, "solution_y": 6}