{"photo_space_origin": [1643.0, 898.0], "photo_space_incenter": [2114.0, 1390.0], "robot_state": {"photo_at_motor_position": [89016, 511074, 136000]}, "dest_photo_space_incenter": [13589.207515990207, 9492.949098181156], "dest_rotation": -4.259061391854008, "solution_x": 23, "solution_y": 13}