{"photo_space_origin": [1929.0, 1125.0], "photo_space_incenter": [2235.0, 1742.0], "robot_state": {"photo_at_motor_position": [371882, 493186, 136000]}, "dest_photo_space_incenter": [13088.366451072237, 14470.867742920524], "dest_rotation": -6.434470931269425, "solution_x": 22, "solution_y": 20}