{"photo_space_origin": [1522.0, 812.0], "photo_space_incenter": [2017.0, 1328.0], "robot_state": {"photo_at_motor_position": [118278, 546850, 136000]}, "dest_photo_space_incenter": [2073.5134242229515, 3830.574490906644], "dest_rotation": -6.544356102730054, "solution_x": 3, "solution_y": 5}