{"photo_space_origin": [1560.0, 817.0], "photo_space_incenter": [2042.0, 1372.0], "robot_state": {"photo_at_motor_position": [332866, 497658, 136000]}, "dest_photo_space_incenter": [3553.3367911687455, 7984.88862403848], "dest_rotation": -5.090852915786298, "solution_x": 6, "solution_y": 11}