{"photo_space_origin": [1168.0, 916.0], "photo_space_incenter": [1631.0, 1344.0], "robot_state": {"photo_at_motor_position": [206064, 408218, 136000]}, "dest_photo_space_incenter": [250.44477620279656, 1593.440779198023], "dest_rotation": -2.9767505365579603, "solution_x": 0, "solution_y": 2}