{"photo_space_origin": [2013.0, 1072.0], "photo_space_incenter": [2494.0, 1439.0], "robot_state": {"photo_at_motor_position": [303604, 493186, 136000]}, "dest_photo_space_incenter": [11452.790106208166, 8055.652314404949], "dest_rotation": -6.162400962683019, "solution_x": 19, "solution_y": 11}