{"photo_space_origin": [1845.0, 1094.0], "photo_space_incenter": [2193.0, 1546.0], "robot_state": {"photo_at_motor_position": [245080, 452938, 136000]}, "dest_photo_space_incenter": [22003.17469411598, 15067.012773198461], "dest_rotation": -1.1064960577257645, "solution_x": 37, "solution_y": 21}