{"photo_space_origin": [1404.0, 1045.0], "photo_space_incenter": [1752.0, 1455.0], "robot_state": {"photo_at_motor_position": [293850, 542378, 136000]}, "dest_photo_space_incenter": [19060.988052530076, 3310.1686617672576], "dest_rotation": -1.6722007667783267, "solution_x": 32, "solution_y": 4}