{"photo_space_origin": [1762.0, 1218.0], "photo_space_incenter": [2252.0, 1559.0], "robot_state": {"photo_at_motor_position": [196310, 564738, 136000]}, "dest_photo_space_incenter": [14863.010713171501, 14897.879405243028], "dest_rotation": -0.7891842209623596, "solution_x": 25, "solution_y": 21}