{"photo_space_origin": [1882.0, 907.0], "photo_space_incenter": [2418.0, 1217.0], "robot_state": {"photo_at_motor_position": [362128, 520018, 136000]}, "dest_photo_space_incenter": [8934.863327488345, 5194.2179474592795], "dest_rotation": -1.2842153613844498, "solution_x": 15, "solution_y": 7}