{"photo_space_origin": [1587.0, 877.0], "photo_space_incenter": [2083.0, 1453.0], "robot_state": {"photo_at_motor_position": [352374, 479770, 136000]}, "dest_photo_space_incenter": [12434.61848706341, 3242.5113218685965], "dest_rotation": -0.76873134333194, "solution_x": 21, "solution_y": 4}