{"photo_space_origin": [1123.0, 1267.0], "photo_space_incenter": [1593.0, 1558.0], "robot_state": {"photo_at_motor_position": [98770, 466354, 136000]}, "dest_photo_space_incenter": [13149.52611728915, 16525.862559125646], "dest_rotation": -3.8431199542575407, "solution_x": 22, "solution_y": 23}