{"photo_space_origin": [1582.0, 962.0], "photo_space_incenter": [2113.0, 1371.0], "robot_state": {"photo_at_motor_position": [89016, 381386, 136000]}, "dest_photo_space_incenter": [14755.82987670933, 2716.923827741133], "dest_rotation": -1.7617886690596642, "solution_x": 25, "solution_y": 3}