{"photo_space_origin": [1087.0, 1261.0], "photo_space_incenter": [1501.0, 1744.0], "robot_state": {"photo_at_motor_position": [157294, 457410, 136000]}, "dest_photo_space_incenter": [3688.08304570939, 945.9420914499794], "dest_rotation": -2.876090361166068, "solution_x": 6, "solution_y": 1}