{"photo_space_origin": [1702.0, 936.0], "photo_space_incenter": [2197.0, 1374.0], "robot_state": {"photo_at_motor_position": [137786, 546850, 136000]}, "dest_photo_space_incenter": [10858.871875252196, 14937.311442382843], "dest_rotation": -1.8035816660860116, "solution_x": 18, "solution_y": 21}