{"photo_space_origin": [1857.0, 883.0], "photo_space_incenter": [2586.0, 1372.0], "robot_state": {"photo_at_motor_position": [332866, 470826, 136000]}, "dest_photo_space_incenter": [13744.999959819128, 13012.139504444562], "dest_rotation": -5.109752678018162, "solution_x": 23, "solution_y": 18}