{"photo_space_origin": [1074.0, 1187.0], "photo_space_incenter": [1585.0, 1586.0], "robot_state": {"photo_at_motor_position": [69508, 390330, 136000]}, "dest_photo_space_incenter": [3224.684711666923, 5367.167708571279], "dest_rotation": -4.882755071131543, "solution_x": 5, "solution_y": 7}