{"photo_space_origin": [2026.0, 1046.0], "photo_space_incenter": [2575.0, 1423.0], "robot_state": {"photo_at_motor_position": [59754, 452938, 136000]}, "dest_photo_space_incenter": [3772.2451523656896, 5201.886240384746], "dest_rotation": -7.463522856310904, "solution_x": 6, "solution_y": 7}