{"photo_space_origin": [1077.0, 921.0], "photo_space_incenter": [1651.0, 1312.0], "robot_state": {"photo_at_motor_position": [137786, 435050, 136000]}, "dest_photo_space_incenter": [1456.884399342147, 4750.370841896733], "dest_rotation": -5.190349962886932, "solution_x": 2, "solution_y": 6}