{"photo_space_origin": [1800.0, 1186.0], "photo_space_incenter": [2141.0, 1493.0], "robot_state": {"photo_at_motor_position": [196310, 367970, 136000]}, "dest_photo_space_incenter": [22761.521177940445, 5245.644831052588], "dest_rotation": -4.384511210032436, "solution_x": 38, "solution_y": 7}