{"photo_space_origin": [1382.0, 1055.0], "photo_space_incenter": [1709.0, 1402.0], "robot_state": {"photo_at_motor_position": [128032, 359026, 136000]}, "dest_photo_space_incenter": [14329.5, 480.6418382525444], "dest_rotation": -3.0145745494932368, "solution_x": 24, "solution_y": 0}