{"photo_space_origin": [1354.0, 905.0], "photo_space_incenter": [1789.0, 1299.0], "robot_state": {"photo_at_motor_position": [235326, 569210, 136000]}, "dest_photo_space_incenter": [9122.228365348996, 12283.060025133978], "dest_rotation": -4.057267654581505, "solution_x": 15, "solution_y": 17}