{"photo_space_origin": [1254.0, 1167.0], "photo_space_incenter": [1673.0, 1724.0], "robot_state": {"photo_at_motor_position": [137786, 569210, 136000]}, "dest_photo_space_incenter": [2460.963039272725, 7867.784534681101], "dest_rotation": -3.152091314303424, "solution_x": 4, "solution_y": 11}