{"photo_space_origin": [1370.0, 950.0], "photo_space_incenter": [1731.0, 1488.0], "robot_state": {"photo_at_motor_position": [186556, 461882, 136000]}, "dest_photo_space_incenter": [3155.5, 520.09375], "dest_rotation": -0.0998843556802238, "solution_x": 5, "solution_y": 0}