{"photo_space_origin": [1721.0, 864.0], "photo_space_incenter": [2070.0, 1245.0], "robot_state": {"photo_at_motor_position": [147540, 461882, 136000]}, "dest_photo_space_incenter": [6038.164351724029, 12211.387755810774], "dest_rotation": 1.4030628390312199, "solution_x": 10, "solution_y": 17}