{"photo_space_origin": [1748.0, 1139.0], "photo_space_incenter": [2144.0, 1503.0], "robot_state": {"photo_at_motor_position": [128032, 385858, 136000]}, "dest_photo_space_incenter": [17264.938128719692, 905.2552775718157], "dest_rotation": -4.587950624592914, "solution_x": 29, "solution_y": 1}