{"photo_space_origin": [1953.0, 876.0], "photo_space_incenter": [2251.0, 1371.0], "robot_state": {"photo_at_motor_position": [157294, 452938, 136000]}, "dest_photo_space_incenter": [11771.394025493693, 2433.369473404988], "dest_rotation": -5.771856743938024, "solution_x": 20, "solution_y": 3}