{"photo_space_origin": [1312.0, 1103.0], "photo_space_incenter": [1672.0, 1584.0], "robot_state": {"photo_at_motor_position": [332866, 533434, 136000]}, "dest_photo_space_incenter": [16142.226813652276, 5270.892202174394], "dest_rotation": -5.972723877231788, "solution_x": 27, "solution_y": 7}