{"photo_space_origin": [1048.0, 1183.0], "photo_space_incenter": [1640.0, 1571.0], "robot_state": {"photo_at_motor_position": [147540, 569210, 136000]}, "dest_photo_space_incenter": [15604.43292607224, 5183.0870736403485], "dest_rotation": -1.609217525691098, "solution_x": 26, "solution_y": 7}