{"photo_space_origin": [1806.0, 850.0], "photo_space_incenter": [2087.0, 1169.0], "robot_state": {"photo_at_motor_position": [79262, 359026, 136000]}, "dest_photo_space_incenter": [11835.299456798082, 5898.884060716753], "dest_rotation": -6.160849202277358, "solution_x": 20, "solution_y": 8}