{"photo_space_origin": [1647.0, 938.0], "photo_space_incenter": [1957.0, 1462.0], "robot_state": {"photo_at_motor_position": [176802, 399274, 136000]}, "dest_photo_space_incenter": [229.45083166368488, 8854.440779198023], "dest_rotation": -6.662694675649221, "solution_x": 0, "solution_y": 12}