{"photo_space_origin": [1877.0, 1235.0], "photo_space_incenter": [2324.0, 1752.0], "robot_state": {"photo_at_motor_position": [274342, 479770, 136000]}, "dest_photo_space_incenter": [18919.90974167983, 17031.960808142867], "dest_rotation": -3.908373034112994, "solution_x": 32, "solution_y": 24}