{"photo_space_origin": [1423.0, 922.0], "photo_space_incenter": [1891.0, 1249.0], "robot_state": {"photo_at_motor_position": [225572, 488714, 136000]}, "dest_photo_space_incenter": [6077.5, 489.8779296875], "dest_rotation": -4.0972027422727155, "solution_x": 10, "solution_y": 0}