{"photo_space_origin": [1845.0, 882.0], "photo_space_incenter": [2428.0, 1335.0], "robot_state": {"photo_at_motor_position": [293850, 435050, 136000]}, "dest_photo_space_incenter": [21987.930815838183, 8214.99181999468], "dest_rotation": 1.174766291110755, "solution_x": 37, "solution_y": 11}