{"photo_space_origin": [1889.0, 1187.0], "photo_space_incenter": [2464.0, 1679.0], "robot_state": {"photo_at_motor_position": [89016, 555794, 136000]}, "dest_photo_space_incenter": [5432.926608727981, 14571.424425728888], "dest_rotation": -4.930481405999609, "solution_x": 9, "solution_y": 20}