{"photo_space_origin": [1529.0, 888.0], "photo_space_incenter": [2038.0, 1316.0], "robot_state": {"photo_at_motor_position": [342620, 542378, 136000]}, "dest_photo_space_incenter": [15526.956985983597, 4553.159656450117], "dest_rotation": -0.8125309079906708, "solution_x": 26, "solution_y": 6}