{"photo_space_origin": [1865.0, 1167.0], "photo_space_incenter": [2237.0, 1570.0], "robot_state": {"photo_at_motor_position": [167048, 394802, 136000]}, "dest_photo_space_incenter": [9641.0, 258.3105926513672], "dest_rotation": -5.593190419297181, "solution_x": 16, "solution_y": 0}