{"photo_space_origin": [1549.0, 857.0], "photo_space_incenter": [1976.0, 1308.0], "robot_state": {"photo_at_motor_position": [108524, 354554, 136000]}, "dest_photo_space_incenter": [13274.729352203383, 2504.1606480346913], "dest_rotation": -0.22142492362729937, "solution_x": 22, "solution_y": 3}