{"photo_space_origin": [1150.0, 810.0], "photo_space_incenter": [1588.0, 1304.0], "robot_state": {"photo_at_motor_position": [352374, 367970, 136000]}, "dest_photo_space_incenter": [20223.329161879745, 10122.390298505503], "dest_rotation": -3.4413278980927213, "solution_x": 34, "solution_y": 14}