{"photo_space_origin": [1396.0, 904.0], "photo_space_incenter": [1866.0, 1347.0], "robot_state": {"photo_at_motor_position": [225572, 524490, 136000]}, "dest_photo_space_incenter": [1386.1507661246899, 15033.300580396872], "dest_rotation": -4.2658331206644196, "solution_x": 2, "solution_y": 21}