{"photo_space_origin": [1463.0, 1138.0], "photo_space_incenter": [1771.0, 1718.0], "robot_state": {"photo_at_motor_position": [176802, 417162, 136000]}, "dest_photo_space_incenter": [327.9313539579606, 6512.940779198023], "dest_rotation": -3.587362218673065, "solution_x": 0, "solution_y": 9}