{"photo_space_origin": [1353.0, 893.0], "photo_space_incenter": [1769.0, 1239.0], "robot_state": {"photo_at_motor_position": [313358, 367970, 136000]}, "dest_photo_space_incenter": [5623.555368492203, 7300.58993503205], "dest_rotation": -5.061901009937076, "solution_x": 9, "solution_y": 10}