{"photo_space_origin": [1800.0, 993.0], "photo_space_incenter": [2264.0, 1499.0], "robot_state": {"photo_at_motor_position": [293850, 448466, 136000]}, "dest_photo_space_incenter": [23167.952880859375, 8775.064974809535], "dest_rotation": -0.07479560925771711, "solution_x": 39, "solution_y": 12}