{"photo_space_origin": [1471.0, 1205.0], "photo_space_incenter": [2078.0, 1658.0], "robot_state": {"photo_at_motor_position": [274342, 546850, 136000]}, "dest_photo_space_incenter": [9113.702394624108, 10034.660472986096], "dest_rotation": -1.8589003288153512, "solution_x": 15, "solution_y": 14}