{"photo_space_origin": [1539.0, 1090.0], "photo_space_incenter": [1899.0, 1330.0], "robot_state": {"photo_at_motor_position": [89016, 520018, 136000]}, "dest_photo_space_incenter": [5555.077283614239, 11497.138932540807], "dest_rotation": 1.5799939573198012, "solution_x": 9, "solution_y": 16}