{"photo_space_origin": [1897.0, 877.0], "photo_space_incenter": [2401.0, 1338.0], "robot_state": {"photo_at_motor_position": [147540, 470826, 136000]}, "dest_photo_space_incenter": [6691.6930100703685, 1859.8361604792624], "dest_rotation": -4.433183595928606, "solution_x": 11, "solution_y": 2}