{"photo_space_origin": [1160.0, 1028.0], "photo_space_incenter": [1566.0, 1580.0], "robot_state": {"photo_at_motor_position": [352374, 578154, 136000]}, "dest_photo_space_incenter": [11261.788785901936, 13653.789096109967], "dest_rotation": -4.944515062239427, "solution_x": 19, "solution_y": 19}