{"photo_space_origin": [1228.0, 1064.0], "photo_space_incenter": [1657.0, 1450.0], "robot_state": {"photo_at_motor_position": [254834, 435050, 136000]}, "dest_photo_space_incenter": [21965.80570790678, 16669.80784512266], "dest_rotation": 3.0709725727074337, "solution_x": 37, "solution_y": 23}