{"photo_space_origin": [1458.0, 950.0], "photo_space_incenter": [1848.0, 1529.0], "robot_state": {"photo_at_motor_position": [391390, 448466, 136000]}, "dest_photo_space_incenter": [6853.7968099397085, 3644.0056241554325], "dest_rotation": -3.1197344903094386, "solution_x": 11, "solution_y": 5}