{"photo_space_origin": [1567.0, 1185.0], "photo_space_incenter": [2107.0, 1628.0], "robot_state": {"photo_at_motor_position": [371882, 430578, 136000]}, "dest_photo_space_incenter": [1915.2405836807518, 3117.9703617352334], "dest_rotation": -2.66405201007737, "solution_x": 3, "solution_y": 4}