{"photo_space_origin": [1318.0, 916.0], "photo_space_incenter": [1642.0, 1350.0], "robot_state": {"photo_at_motor_position": [332866, 367970, 136000]}, "dest_photo_space_incenter": [9802.903505058895, 14427.932637662521], "dest_rotation": -7.774384902828706, "solution_x": 16, "solution_y": 20}