{"photo_space_origin": [1467.0, 866.0], "photo_space_incenter": [1754.0, 1270.0], "robot_state": {"photo_at_motor_position": [89016, 372442, 136000]}, "dest_photo_space_incenter": [17478.64741522914, 12374.318704873222], "dest_rotation": -2.357743643959444, "solution_x": 29, "solution_y": 17}