{"photo_space_origin": [1338.0, 1241.0], "photo_space_incenter": [1752.0, 1697.0], "robot_state": {"photo_at_motor_position": [323112, 479770, 136000]}, "dest_photo_space_incenter": [1993.2427881083563, 6034.930096674731], "dest_rotation": -7.707213823502666, "solution_x": 3, "solution_y": 8}