{"photo_space_origin": [1146.0, 1140.0], "photo_space_incenter": [1618.0, 1610.0], "robot_state": {"photo_at_motor_position": [342620, 426106, 136000]}, "dest_photo_space_incenter": [13086.416010527078, 12867.830923815098], "dest_rotation": -2.8498376038637447, "solution_x": 22, "solution_y": 18}