{"photo_space_origin": [1522.0, 952.0], "photo_space_incenter": [2039.0, 1451.0], "robot_state": {"photo_at_motor_position": [284096, 484242, 136000]}, "dest_photo_space_incenter": [3195.5177213455886, 9266.301172477011], "dest_rotation": -2.1995452610354693, "solution_x": 5, "solution_y": 13}