{"photo_space_origin": [1879.0, 1090.0], "photo_space_incenter": [2350.0, 1566.0], "robot_state": {"photo_at_motor_position": [157294, 533434, 136000]}, "dest_photo_space_incenter": [236.65162361330476, 15677.940779198023], "dest_rotation": -7.198075923702424, "solution_x": 0, "solution_y": 22}