{"photo_space_origin": [1850.0, 1409.0], "photo_space_incenter": [2243.0, 1585.0], "robot_state": {"photo_at_motor_position": [137786, 578154, 136000]}, "dest_photo_space_incenter": [17870.153114893707, 7894.979011229443], "dest_rotation": 1.4855911788927747, "solution_x": 30, "solution_y": 11}