{"photo_space_origin": [1157.0, 829.0], "photo_space_incenter": [1616.0, 1433.0], "robot_state": {"photo_at_motor_position": [274342, 461882, 136000]}, "dest_photo_space_incenter": [23157.84080505371, 11356.564974809535], "dest_rotation": -2.4878904861541216, "solution_x": 39, "solution_y": 16}