{"photo_space_origin": [1875.0, 1112.0], "photo_space_incenter": [2229.0, 1447.0], "robot_state": {"photo_at_motor_position": [371882, 448466, 136000]}, "dest_photo_space_incenter": [10896.792531529918, 7407.863132267996], "dest_rotation": -3.50904126646413, "solution_x": 18, "solution_y": 10}