{"photo_space_origin": [1179.0, 970.0], "photo_space_incenter": [1591.0, 1433.0], "robot_state": {"photo_at_motor_position": [59754, 443994, 136000]}, "dest_photo_space_incenter": [12614.703488465322, 11564.871571853686], "dest_rotation": -7.653334701896416, "solution_x": 21, "solution_y": 16}