{"photo_space_origin": [1580.0, 1258.0], "photo_space_incenter": [2221.0, 1650.0], "robot_state": {"photo_at_motor_position": [264588, 484242, 136000]}, "dest_photo_space_incenter": [21474.23598460767, 13487.760612076803], "dest_rotation": -1.9951503012105443, "solution_x": 36, "solution_y": 19}