{"photo_space_origin": [1403.0, 998.0], "photo_space_incenter": [1821.0, 1463.0], "robot_state": {"photo_at_motor_position": [215818, 502130, 136000]}, "dest_photo_space_incenter": [1359.7413734546503, 5357.680012527122], "dest_rotation": -7.606976349031707, "solution_x": 2, "solution_y": 7}