{"photo_space_origin": [1821.0, 994.0], "photo_space_incenter": [2341.0, 1431.0], "robot_state": {"photo_at_motor_position": [98770, 551322, 136000]}, "dest_photo_space_incenter": [11447.055359997994, 12127.154850250214], "dest_rotation": -0.21698722389779013, "solution_x": 19, "solution_y": 17}