{"photo_space_origin": [1927.0, 1250.0], "photo_space_incenter": [2343.0, 1649.0], "robot_state": {"photo_at_motor_position": [332866, 564738, 136000]}, "dest_photo_space_incenter": [17283.68577271195, 8018.660223596113], "dest_rotation": 0.7979639844030055, "solution_x": 29, "solution_y": 11}