{"photo_space_origin": [1337.0, 855.0], "photo_space_incenter": [1743.0, 1222.0], "robot_state": {"photo_at_motor_position": [108524, 537906, 136000]}, "dest_photo_space_incenter": [8390.482590962216, 3339.218449500974], "dest_rotation": -3.2907871402836935, "solution_x": 14, "solution_y": 4}