{"photo_space_origin": [1834.0, 1096.0], "photo_space_incenter": [2207.0, 1559.0], "robot_state": {"photo_at_motor_position": [196310, 533434, 136000]}, "dest_photo_space_incenter": [928.1268610333498, 15672.72336855541], "dest_rotation": -2.627453538652576, "solution_x": 1, "solution_y": 22}