{"photo_space_origin": [1894.0, 1267.0], "photo_space_incenter": [2395.0, 1549.0], "robot_state": {"photo_at_motor_position": [254834, 537906, 136000]}, "dest_photo_space_incenter": [3632.0680971059305, 2975.6068203483355], "dest_rotation": -1.2765549718876477, "solution_x": 6, "solution_y": 4}