{"photo_space_origin": [1663.0, 967.0], "photo_space_incenter": [2104.0, 1358.0], "robot_state": {"photo_at_motor_position": [371882, 528962, 136000]}, "dest_photo_space_incenter": [9064.440865841296, 9231.786267577874], "dest_rotation": -6.52178224568397, "solution_x": 15, "solution_y": 13}