{"photo_space_origin": [1119.0, 908.0], "photo_space_incenter": [1530.0, 1373.0], "robot_state": {"photo_at_motor_position": [391390, 350082, 136000]}, "dest_photo_space_incenter": [13615.250167132996, 14374.393451161948], "dest_rotation": 0.8519106506453911, "solution_x": 23, "solution_y": 20}