{"photo_space_origin": [1664.0, 1067.0], "photo_space_incenter": [2065.0, 1533.0], "robot_state": {"photo_at_motor_position": [313358, 443994, 136000]}, "dest_photo_space_incenter": [18447.729914223346, 4505.09405369938], "dest_rotation": -3.5853289246331537, "solution_x": 31, "solution_y": 6}