{"photo_space_origin": [1151.0, 1022.0], "photo_space_incenter": [1613.0, 1463.0], "robot_state": {"photo_at_motor_position": [284096, 560266, 136000]}, "dest_photo_space_incenter": [20797.827327755374, 12202.712832555791], "dest_rotation": 0.7522849695183433, "solution_x": 35, "solution_y": 17}