{"photo_space_origin": [1912.0, 707.0], "photo_space_incenter": [2205.0, 1175.0], "robot_state": {"photo_at_motor_position": [362128, 421634, 136000]}, "dest_photo_space_incenter": [6658.914207876653, 13596.413399845758], "dest_rotation": -6.137955439676536, "solution_x": 11, "solution_y": 19}