{"photo_space_origin": [1083.0, 1071.0], "photo_space_incenter": [1572.0, 1902.0], "robot_state": {"photo_at_motor_position": [79262, 551322, 136000]}, "dest_photo_space_incenter": [13638.671540061821, 8418.245928713462], "dest_rotation": -3.4189075914595586, "solution_x": 23, "solution_y": 12}