{"photo_space_origin": [1833.0, 1039.0], "photo_space_incenter": [2088.0, 1644.0], "robot_state": {"photo_at_motor_position": [186556, 582626, 136000]}, "dest_photo_space_incenter": [8407.524125620479, 5451.429879348054], "dest_rotation": -0.2651176973818634, "solution_x": 14, "solution_y": 7}