{"photo_space_origin": [1442.0, 894.0], "photo_space_incenter": [1754.0, 1353.0], "robot_state": {"photo_at_motor_position": [235326, 528962, 136000]}, "dest_photo_space_incenter": [22607.286488383394, 12844.047191536216], "dest_rotation": -2.679257037545047, "solution_x": 38, "solution_y": 18}