{"photo_space_origin": [2016.0, 896.0], "photo_space_incenter": [2355.0, 1308.0], "robot_state": {"photo_at_motor_position": [332866, 452938, 136000]}, "dest_photo_space_incenter": [10273.35187264764, 5246.798694224384], "dest_rotation": -3.255075459848856, "solution_x": 17, "solution_y": 7}