{"photo_space_origin": [1850.0, 1350.0], "photo_space_incenter": [2172.0, 1682.0], "robot_state": {"photo_at_motor_position": [313358, 551322, 136000]}, "dest_photo_space_incenter": [8927.121293731769, 3963.0270604084653], "dest_rotation": -6.248890878352032, "solution_x": 15, "solution_y": 5}