{"photo_space_origin": [1648.0, 843.0], "photo_space_incenter": [2153.0, 1298.0], "robot_state": {"photo_at_motor_position": [274342, 452938, 136000]}, "dest_photo_space_incenter": [22497.305148479863, 11332.49384171626], "dest_rotation": -4.308787977079665, "solution_x": 38, "solution_y": 16}