{"photo_space_origin": [1142.0, 851.0], "photo_space_incenter": [1560.0, 1299.0], "robot_state": {"photo_at_motor_position": [323112, 497658, 136000]}, "dest_photo_space_incenter": [11358.489666233356, 13050.994496989773], "dest_rotation": -3.34857380941292, "solution_x": 19, "solution_y": 18}