{"photo_space_origin": [1069.0, 1048.0], "photo_space_incenter": [1603.0, 1532.0], "robot_state": {"photo_at_motor_position": [176802, 350082, 136000]}, "dest_photo_space_incenter": [18405.857424903188, 2676.81265773232], "dest_rotation": -4.633590146438188, "solution_x": 31, "solution_y": 3}