{"photo_space_origin": [1561.0, 877.0], "photo_space_incenter": [1963.0, 1403.0], "robot_state": {"photo_at_motor_position": [79262, 564738, 136000]}, "dest_photo_space_incenter": [9469.535957170345, 4010.5673068055676], "dest_rotation": -0.4046506704026509, "solution_x": 16, "solution_y": 5}