{"photo_space_origin": [1924.0, 1281.0], "photo_space_incenter": [2198.0, 1591.0], "robot_state": {"photo_at_motor_position": [79262, 506602, 136000]}, "dest_photo_space_incenter": [7968.764486260303, 5503.874787963562], "dest_rotation": -2.3816274541629054, "solution_x": 13, "solution_y": 7}