{"photo_space_origin": [1444.0, 1202.0], "photo_space_incenter": [2050.0, 1659.0], "robot_state": {"photo_at_motor_position": [137786, 394802, 136000]}, "dest_photo_space_incenter": [23017.375, 2572.0649748095348], "dest_rotation": -3.897617302207469, "solution_x": 39, "solution_y": 3}