{"photo_space_origin": [1631.0, 1021.0], "photo_space_incenter": [1987.0, 1449.0], "robot_state": {"photo_at_motor_position": [381636, 376914, 136000]}, "dest_photo_space_incenter": [19629.973994530403, 3142.7032942913493], "dest_rotation": -3.158812223406376, "solution_x": 33, "solution_y": 4}