{"photo_space_origin": [1713.0, 1096.0], "photo_space_incenter": [2105.0, 1331.0], "robot_state": {"photo_at_motor_position": [274342, 399274, 136000]}, "dest_photo_space_incenter": [11874.805027399052, 6882.9401756852985], "dest_rotation": -2.7893345050992018, "solution_x": 20, "solution_y": 9}