{"photo_space_origin": [1206.0, 1180.0], "photo_space_incenter": [1583.0, 1611.0], "robot_state": {"photo_at_motor_position": [59754, 506602, 136000]}, "dest_photo_space_incenter": [5463.191318551411, 8061.42055628761], "dest_rotation": -6.375041538673442, "solution_x": 9, "solution_y": 11}