{"photo_space_origin": [1198.0, 1002.0], "photo_space_incenter": [1601.0, 1457.0], "robot_state": {"photo_at_motor_position": [342620, 435050, 136000]}, "dest_photo_space_incenter": [8433.710457460826, 12915.985251499204], "dest_rotation": -5.350515003359135, "solution_x": 14, "solution_y": 18}