{"photo_space_origin": [1535.0, 1077.0], "photo_space_incenter": [2173.0, 1517.0], "robot_state": {"photo_at_motor_position": [215818, 520018, 136000]}, "dest_photo_space_incenter": [6122.409741679829, 17247.80051553234], "dest_rotation": -5.017513988381654, "solution_x": 10, "solution_y": 24}