{"photo_space_origin": [1469.0, 1042.0], "photo_space_incenter": [1952.0, 1388.0], "robot_state": {"photo_at_motor_position": [215818, 493186, 136000]}, "dest_photo_space_incenter": [1950.2531153138964, 1702.7851562918293], "dest_rotation": -6.1608071914805755, "solution_x": 3, "solution_y": 2}