{"photo_space_origin": [1878.0, 1002.0], "photo_space_incenter": [2438.0, 1459.0], "robot_state": {"photo_at_motor_position": [118278, 555794, 136000]}, "dest_photo_space_incenter": [6110.793940450818, 2984.0919611719432], "dest_rotation": -2.0119381898908815, "solution_x": 10, "solution_y": 4}