{"photo_space_origin": [1328.0, 855.0], "photo_space_incenter": [1656.0, 1418.0], "robot_state": {"photo_at_motor_position": [274342, 555794, 136000]}, "dest_photo_space_incenter": [7929.336396860623, 7052.133359157896], "dest_rotation": -3.7645430004873304, "solution_x": 13, "solution_y": 10}