{"photo_space_origin": [1160.0, 1057.0], "photo_space_incenter": [1429.0, 1650.0], "robot_state": {"photo_at_motor_position": [313358, 524490, 136000]}, "dest_photo_space_incenter": [18398.34523550924, 10024.33305889826], "dest_rotation": -4.233714126004675, "solution_x": 31, "solution_y": 14}