{"photo_space_origin": [1958.0, 860.0], "photo_space_incenter": [2398.0, 1389.0], "robot_state": {"photo_at_motor_position": [254834, 430578, 136000]}, "dest_photo_space_incenter": [20276.7222033751, 15697.47778621189], "dest_rotation": -7.699222450411821, "solution_x": 34, "solution_y": 22}