{"photo_space_origin": [1217.0, 852.0], "photo_space_incenter": [1585.0, 1231.0], "robot_state": {"photo_at_motor_position": [352374, 390330, 136000]}, "dest_photo_space_incenter": [17341.77358810028, 10395.594783236334], "dest_rotation": -3.0349675250417985, "solution_x": 29, "solution_y": 14}