{"photo_space_origin": [1019.0, 871.0], "photo_space_incenter": [1512.0, 1459.0], "robot_state": {"photo_at_motor_position": [362128, 390330, 136000]}, "dest_photo_space_incenter": [18623.26813263818, 13537.799947354426], "dest_rotation": -2.774396193835619, "solution_x": 31, "solution_y": 19}