{"photo_space_origin": [1980.0, 1120.0], "photo_space_incenter": [2309.0, 1532.0], "robot_state": {"photo_at_motor_position": [89016, 435050, 136000]}, "dest_photo_space_incenter": [20172.5, 234.1187908576685], "dest_rotation": -5.104519183911535, "solution_x": 34, "solution_y": 0}