{"photo_space_origin": [1451.0, 881.0], "photo_space_incenter": [1793.0, 1530.0], "robot_state": {"photo_at_motor_position": [225572, 421634, 136000]}, "dest_photo_space_incenter": [8532.0, 240.24237060546875], "dest_rotation": -3.70460046351844, "solution_x": 14, "solution_y": 0}