{"photo_space_origin": [1307.0, 834.0], "photo_space_incenter": [1738.0, 1198.0], "robot_state": {"photo_at_motor_position": [235326, 520018, 136000]}, "dest_photo_space_incenter": [13088.549844081284, 15908.557704292967], "dest_rotation": -9.02658457070148, "solution_x": 22, "solution_y": 22}