{"photo_space_origin": [1710.0, 947.0], "photo_space_incenter": [2195.0, 1266.0], "robot_state": {"photo_at_motor_position": [284096, 546850, 136000]}, "dest_photo_space_incenter": [15486.623599079063, 6018.858107847662], "dest_rotation": -1.4491940031254287, "solution_x": 26, "solution_y": 8}