{"photo_space_origin": [2099.0, 1136.0], "photo_space_incenter": [2431.0, 1509.0], "robot_state": {"photo_at_motor_position": [313358, 470826, 136000]}, "dest_photo_space_incenter": [10836.010004230062, 11743.055914963958], "dest_rotation": -3.178357689118945, "solution_x": 18, "solution_y": 16}