{"photo_space_origin": [1253.0, 1188.0], "photo_space_incenter": [1926.0, 1676.0], "robot_state": {"photo_at_motor_position": [245080, 376914, 136000]}, "dest_photo_space_incenter": [21800.37693231263, 5931.7948441084045], "dest_rotation": -3.897654169031802, "solution_x": 37, "solution_y": 8}