{"photo_space_origin": [1303.0, 1189.0], "photo_space_incenter": [1767.0, 1626.0], "robot_state": {"photo_at_motor_position": [186556, 359026, 136000]}, "dest_photo_space_incenter": [21728.16081995491, 3048.9651837025876], "dest_rotation": -4.780249160687841, "solution_x": 37, "solution_y": 4}