{"photo_space_origin": [1553.0, 1078.0], "photo_space_incenter": [2066.0, 1489.0], "robot_state": {"photo_at_motor_position": [284096, 417162, 136000]}, "dest_photo_space_incenter": [17856.176267394658, 15044.765696520179], "dest_rotation": 1.4129252030246064, "solution_x": 30, "solution_y": 21}