{"photo_space_origin": [1115.0, 860.0], "photo_space_incenter": [1458.0, 1509.0], "robot_state": {"photo_at_motor_position": [118278, 573682, 136000]}, "dest_photo_space_incenter": [2011.2284257970412, 11026.997526199933], "dest_rotation": -6.50648202815737, "solution_x": 3, "solution_y": 15}