{"photo_space_origin": [1410.0, 1123.0], "photo_space_incenter": [1916.0, 1525.0], "robot_state": {"photo_at_motor_position": [215818, 551322, 136000]}, "dest_photo_space_incenter": [15514.387372763373, 14866.174207891454], "dest_rotation": -1.39446409845414, "solution_x": 26, "solution_y": 21}