{"photo_space_origin": [1607.0, 1232.0], "photo_space_incenter": [2054.0, 1484.0], "robot_state": {"photo_at_motor_position": [167048, 515546, 136000]}, "dest_photo_space_incenter": [7248.409741679829, 17226.507137700763], "dest_rotation": -9.320859182078088, "solution_x": 12, "solution_y": 24}