{"photo_space_origin": [1835.0, 772.0], "photo_space_incenter": [2194.0, 1393.0], "robot_state": {"photo_at_motor_position": [371882, 435050, 136000]}, "dest_photo_space_incenter": [3500.191070645721, 7294.785663066413], "dest_rotation": -5.2164678318369875, "solution_x": 6, "solution_y": 10}