{"photo_space_origin": [1212.0, 970.0], "photo_space_incenter": [1830.0, 1501.0], "robot_state": {"photo_at_motor_position": [303604, 350082, 136000]}, "dest_photo_space_incenter": [2067.3870254125623, 12135.437400857842], "dest_rotation": -2.0992961118966265, "solution_x": 3, "solution_y": 17}