{"photo_space_origin": [1827.0, 934.0], "photo_space_incenter": [2273.0, 1340.0], "robot_state": {"photo_at_motor_position": [284096, 461882, 136000]}, "dest_photo_space_incenter": [21476.40974167983, 17273.898308142867], "dest_rotation": -4.648716776434689, "solution_x": 36, "solution_y": 24}