{"photo_space_origin": [1462.0, 1228.0], "photo_space_incenter": [1819.0, 1684.0], "robot_state": {"photo_at_motor_position": [254834, 426106, 136000]}, "dest_photo_space_incenter": [23147.40974167983, 17109.231641476203], "dest_rotation": -1.6138466346794798, "solution_x": 39, "solution_y": 24}