{"photo_space_origin": [1807.0, 1115.0], "photo_space_incenter": [2174.0, 1735.0], "robot_state": {"photo_at_motor_position": [274342, 412690, 136000]}, "dest_photo_space_incenter": [16558.857780676364, 16219.848652290615], "dest_rotation": -3.1030188871581936, "solution_x": 28, "solution_y": 23}