{"photo_space_origin": [1706.0, 1184.0], "photo_space_incenter": [2104.0, 1517.0], "robot_state": {"photo_at_motor_position": [362128, 399274, 136000]}, "dest_photo_space_incenter": [2757.7299646262995, 3167.2204527314043], "dest_rotation": -3.72395407161942, "solution_x": 4, "solution_y": 4}