{"photo_space_origin": [1395.0, 994.0], "photo_space_incenter": [2024.0, 1223.0], "robot_state": {"photo_at_motor_position": [118278, 488714, 136000]}, "dest_photo_space_incenter": [9691.292385886538, 15667.814243335768], "dest_rotation": -1.1516912677537805, "solution_x": 16, "solution_y": 22}