{"photo_space_origin": [1977.0, 1260.0], "photo_space_incenter": [2354.0, 1689.0], "robot_state": {"photo_at_motor_position": [284096, 443994, 136000]}, "dest_photo_space_incenter": [19527.90974167983, 17226.356641476203], "dest_rotation": -6.873073989214961, "solution_x": 33, "solution_y": 24}