{"photo_space_origin": [1857.0, 897.0], "photo_space_incenter": [2353.0, 1355.0], "robot_state": {"photo_at_motor_position": [137786, 470826, 136000]}, "dest_photo_space_incenter": [3718.2094265947344, 14983.297135246936], "dest_rotation": 1.8406825179414863, "solution_x": 6, "solution_y": 21}