{"photo_space_origin": [1006.0, 900.0], "photo_space_incenter": [1417.0, 1336.0], "robot_state": {"photo_at_motor_position": [342620, 350082, 136000]}, "dest_photo_space_incenter": [14371.468788585513, 5461.614745817181], "dest_rotation": -1.714696878904471, "solution_x": 24, "solution_y": 7}