{"photo_space_origin": [1212.0, 827.0], "photo_space_incenter": [1896.0, 1356.0], "robot_state": {"photo_at_motor_position": [235326, 470826, 136000]}, "dest_photo_space_incenter": [10202.075235862163, 841.6851562031006], "dest_rotation": -2.0810444940705053, "solution_x": 17, "solution_y": 1}