{"photo_space_origin": [1536.0, 1025.0], "photo_space_incenter": [1902.0, 1325.0], "robot_state": {"photo_at_motor_position": [323112, 448466, 136000]}, "dest_photo_space_incenter": [11358.31059800002, 6504.996290653845], "dest_rotation": -0.06079867712301068, "solution_x": 19, "solution_y": 9}