{"photo_space_origin": [1423.0, 1199.0], "photo_space_incenter": [2132.0, 1583.0], "robot_state": {"photo_at_motor_position": [196310, 385858, 136000]}, "dest_photo_space_incenter": [8948.770200026702, 1639.0468610951882], "dest_rotation": -1.724980351652202, "solution_x": 15, "solution_y": 2}