{"photo_space_origin": [1127.0, 1022.0], "photo_space_incenter": [1693.0, 1662.0], "robot_state": {"photo_at_motor_position": [167048, 399274, 136000]}, "dest_photo_space_incenter": [270.60665330947893, 10766.440779198023], "dest_rotation": -3.8945414780828953, "solution_x": 0, "solution_y": 15}