{"photo_space_origin": [1179.0, 1016.0], "photo_space_incenter": [1633.0, 1354.0], "robot_state": {"photo_at_motor_position": [89016, 408218, 136000]}, "dest_photo_space_incenter": [12096.155451857503, 10885.39580909344], "dest_rotation": 2.3836729937590615, "solution_x": 20, "solution_y": 15}