{"photo_space_origin": [1676.0, 976.0], "photo_space_incenter": [2070.0, 1610.0], "robot_state": {"photo_at_motor_position": [167048, 470826, 136000]}, "dest_photo_space_incenter": [4348.452323710449, 13545.03157722978], "dest_rotation": -3.751487928275036, "solution_x": 7, "solution_y": 19}