{"photo_space_origin": [1676.0, 1231.0], "photo_space_incenter": [2135.0, 1816.0], "robot_state": {"photo_at_motor_position": [206064, 479770, 136000]}, "dest_photo_space_incenter": [1930.1643656751166, 950.9742315998353], "dest_rotation": -4.036011056909887, "solution_x": 3, "solution_y": 1}