{"photo_space_origin": [1478.0, 903.0], "photo_space_incenter": [1961.0, 1220.0], "robot_state": {"photo_at_motor_position": [225572, 515546, 136000]}, "dest_photo_space_incenter": [4324.0, 204.0234375], "dest_rotation": -5.86987592208324, "solution_x": 7, "solution_y": 0}