{"photo_space_origin": [1653.0, 1116.0], "photo_space_incenter": [1958.0, 1498.0], "robot_state": {"photo_at_motor_position": [332866, 587098, 136000]}, "dest_photo_space_incenter": [1959.076052795042, 12900.393873107896], "dest_rotation": -5.9397079309262875, "solution_x": 3, "solution_y": 18}