{"photo_space_origin": [1463.0, 1234.0], "photo_space_incenter": [1815.0, 1671.0], "robot_state": {"photo_at_motor_position": [391390, 421634, 136000]}, "dest_photo_space_incenter": [2037.4379135939887, 7294.434887291896], "dest_rotation": -3.2246929629945353, "solution_x": 3, "solution_y": 10}