{"photo_space_origin": [1320.0, 842.0], "photo_space_incenter": [1743.0, 1298.0], "robot_state": {"photo_at_motor_position": [391390, 359026, 136000]}, "dest_photo_space_incenter": [5574.127416860315, 13830.797487290987], "dest_rotation": -5.3330825814745975, "solution_x": 9, "solution_y": 19}