{"photo_space_origin": [1071.0, 1019.0], "photo_space_incenter": [1621.0, 1482.0], "robot_state": {"photo_at_motor_position": [264588, 466354, 136000]}, "dest_photo_space_incenter": [21475.607724793306, 16644.853076632764], "dest_rotation": -4.819602309389843, "solution_x": 36, "solution_y": 23}