{"photo_space_origin": [1182.0, 1269.0], "photo_space_incenter": [1521.0, 1678.0], "robot_state": {"photo_at_motor_position": [303604, 578154, 136000]}, "dest_photo_space_incenter": [15007.05932081824, 13051.243695137211], "dest_rotation": -1.8689807425974125, "solution_x": 25, "solution_y": 18}