{"photo_space_origin": [1903.0, 821.0], "photo_space_incenter": [2411.0, 1308.0], "robot_state": {"photo_at_motor_position": [274342, 443994, 136000]}, "dest_photo_space_incenter": [21407.430165483922, 11501.97570081932], "dest_rotation": 0.7516938608336705, "solution_x": 36, "solution_y": 16}