{"photo_space_origin": [1932.0, 1144.0], "photo_space_incenter": [2345.0, 1511.0], "robot_state": {"photo_at_motor_position": [264588, 367970, 136000]}, "dest_photo_space_incenter": [17743.90974167983, 17206.913933142867], "dest_rotation": -8.65789619943994, "solution_x": 30, "solution_y": 24}