{"photo_space_origin": [1102.0, 1105.0], "photo_space_incenter": [1521.0, 1623.0], "robot_state": {"photo_at_motor_position": [245080, 448466, 136000]}, "dest_photo_space_incenter": [6204.212363323379, 2416.252056598668], "dest_rotation": -3.6864619228656728, "solution_x": 10, "solution_y": 3}