{"photo_space_origin": [1147.0, 1114.0], "photo_space_incenter": [1426.0, 1617.0], "robot_state": {"photo_at_motor_position": [167048, 435050, 136000]}, "dest_photo_space_incenter": [197.21330661895786, 11572.940779198023], "dest_rotation": -6.066635002203497, "solution_x": 0, "solution_y": 16}