{"photo_space_origin": [1259.0, 1137.0], "photo_space_incenter": [1730.0, 1658.0], "robot_state": {"photo_at_motor_position": [342620, 506602, 136000]}, "dest_photo_space_incenter": [16785.465582747685, 8752.93800348244], "dest_rotation": -2.585343126469625, "solution_x": 28, "solution_y": 12}