{"photo_space_origin": [1424.0, 999.0], "photo_space_incenter": [1919.0, 1447.0], "robot_state": {"photo_at_motor_position": [371882, 537906, 136000]}, "dest_photo_space_incenter": [14812.644686297443, 3375.729023083522], "dest_rotation": -1.6000307080250427, "solution_x": 25, "solution_y": 4}