{"photo_space_origin": [1254.0, 1222.0], "photo_space_incenter": [1624.0, 1583.0], "robot_state": {"photo_at_motor_position": [245080, 426106, 136000]}, "dest_photo_space_incenter": [10947.770186626502, 2280.8832931120787], "dest_rotation": -4.431627627192924, "solution_x": 18, "solution_y": 3}