{"photo_space_origin": [1200.0, 916.0], "photo_space_incenter": [1492.0, 1297.0], "robot_state": {"photo_at_motor_position": [59754, 524490, 136000]}, "dest_photo_space_incenter": [4812.60187007332, 9441.887216713942], "dest_rotation": -6.223046624524461, "solution_x": 8, "solution_y": 13}