{"photo_space_origin": [1245.0, 939.0], "photo_space_incenter": [1580.0, 1426.0], "robot_state": {"photo_at_motor_position": [118278, 537906, 136000]}, "dest_photo_space_incenter": [2623.6369545372545, 5347.484106796193], "dest_rotation": -1.681027956738699, "solution_x": 4, "solution_y": 7}