{"photo_space_origin": [1398.0, 987.0], "photo_space_incenter": [1768.0, 1390.0], "robot_state": {"photo_at_motor_position": [225572, 564738, 136000]}, "dest_photo_space_incenter": [6801.350552939185, 10732.62293986591], "dest_rotation": -4.22688880368495, "solution_x": 11, "solution_y": 15}