{"photo_space_origin": [1651.0, 1152.0], "photo_space_incenter": [1996.0, 1484.0], "robot_state": {"photo_at_motor_position": [98770, 457410, 136000]}, "dest_photo_space_incenter": [8480.23945660475, 1662.9742826807085], "dest_rotation": -1.557808826674385, "solution_x": 14, "solution_y": 2}