{"photo_space_origin": [1698.0, 808.0], "photo_space_incenter": [2301.0, 1390.0], "robot_state": {"photo_at_motor_position": [186556, 430578, 136000]}, "dest_photo_space_incenter": [3694.7783168823457, 3964.211508312337], "dest_rotation": -5.623608192565104, "solution_x": 6, "solution_y": 5}