{"photo_space_origin": [1785.0, 1061.0], "photo_space_incenter": [2234.0, 1371.0], "robot_state": {"photo_at_motor_position": [371882, 350082, 136000]}, "dest_photo_space_incenter": [17328.273597113573, 4478.647935707186], "dest_rotation": -6.416777848407581, "solution_x": 29, "solution_y": 6}