{"photo_space_origin": [1424.0, 1183.0], "photo_space_incenter": [1895.0, 1655.0], "robot_state": {"photo_at_motor_position": [362128, 497658, 136000]}, "dest_photo_space_incenter": [8430.179124405513, 11545.355581708307], "dest_rotation": -7.595222345936801, "solution_x": 14, "solution_y": 16}