{"photo_space_origin": [1365.0, 1045.0], "photo_space_incenter": [1876.0, 1598.0], "robot_state": {"photo_at_motor_position": [391390, 537906, 136000]}, "dest_photo_space_incenter": [6824.439109305835, 12952.834112643082], "dest_rotation": -7.538422391641851, "solution_x": 11, "solution_y": 18}