{"photo_space_origin": [1893.0, 1020.0], "photo_space_incenter": [2345.0, 1382.0], "robot_state": {"photo_at_motor_position": [196310, 493186, 136000]}, "dest_photo_space_incenter": [1311.3418649526761, 1716.5960809838232], "dest_rotation": -3.6962742612591137, "solution_x": 2, "solution_y": 2}