{"photo_space_origin": [1210.0, 1129.0], "photo_space_incenter": [1914.0, 1434.0], "robot_state": {"photo_at_motor_position": [342620, 515546, 136000]}, "dest_photo_space_incenter": [12236.082636877549, 3853.1470775962525], "dest_rotation": -2.3897838442821175, "solution_x": 21, "solution_y": 5}