{"photo_space_origin": [1469.0, 1222.0], "photo_space_incenter": [1923.0, 1799.0], "robot_state": {"photo_at_motor_position": [147540, 524490, 136000]}, "dest_photo_space_incenter": [2061.4097416798286, 17273.074627471433], "dest_rotation": -6.135574029056226, "solution_x": 3, "solution_y": 24}