{"photo_space_origin": [1543.0, 745.0], "photo_space_incenter": [2062.0, 1210.0], "robot_state": {"photo_at_motor_position": [215818, 582626, 136000]}, "dest_photo_space_incenter": [14136.332968653589, 8687.760166471271], "dest_rotation": -2.4548940857842814, "solution_x": 24, "solution_y": 12}