{"photo_space_origin": [1426.0, 855.0], "photo_space_incenter": [1949.0, 1291.0], "robot_state": {"photo_at_motor_position": [264588, 582626, 136000]}, "dest_photo_space_incenter": [3677.878980559612, 12952.683550992808], "dest_rotation": -8.972802845671357, "solution_x": 6, "solution_y": 18}