{"photo_space_origin": [1084.0, 945.0], "photo_space_incenter": [1633.0, 1210.0], "robot_state": {"photo_at_motor_position": [186556, 524490, 136000]}, "dest_photo_space_incenter": [731.9097416798286, 16974.69238797501], "dest_rotation": -7.181503131329637, "solution_x": 1, "solution_y": 24}