{"photo_space_origin": [1702.0, 1026.0], "photo_space_incenter": [2129.0, 1452.0], "robot_state": {"photo_at_motor_position": [69508, 502130, 136000]}, "dest_photo_space_incenter": [19610.481015486097, 8133.84314464341], "dest_rotation": -2.232196282488917, "solution_x": 33, "solution_y": 11}