{"photo_space_origin": [1604.0, 1138.0], "photo_space_incenter": [2089.0, 1575.0], "robot_state": {"photo_at_motor_position": [167048, 506602, 136000]}, "dest_photo_space_incenter": [5503.406032741304, 16339.328443289556], "dest_rotation": -1.087027959251409, "solution_x": 9, "solution_y": 23}