{"photo_space_origin": [1129.0, 1072.0], "photo_space_incenter": [1566.0, 1498.0], "robot_state": {"photo_at_motor_position": [118278, 524490, 136000]}, "dest_photo_space_incenter": [1369.9097416798286, 17060.819801140482], "dest_rotation": -7.607658885635506, "solution_x": 2, "solution_y": 24}