{"photo_space_origin": [1663.0, 1071.0], "photo_space_incenter": [2158.0, 1608.0], "robot_state": {"photo_at_motor_position": [98770, 430578, 136000]}, "dest_photo_space_incenter": [22462.355388188433, 956.1757743649962], "dest_rotation": -4.443294192026143, "solution_x": 38, "solution_y": 1}