{"photo_space_origin": [1696.0, 1182.0], "photo_space_incenter": [2290.0, 1586.0], "robot_state": {"photo_at_motor_position": [147540, 564738, 136000]}, "dest_photo_space_incenter": [9694.910185751502, 9983.22697316198], "dest_rotation": -7.008892575156952, "solution_x": 16, "solution_y": 14}