{"photo_space_origin": [1843.0, 773.0], "photo_space_incenter": [2428.0, 1233.0], "robot_state": {"photo_at_motor_position": [98770, 381386, 136000]}, "dest_photo_space_incenter": [16706.876257439384, 1155.7092476982393], "dest_rotation": -4.152385161523744, "solution_x": 28, "solution_y": 1}