{"photo_space_origin": [1546.0, 1030.0], "photo_space_incenter": [1922.0, 1421.0], "robot_state": {"photo_at_motor_position": [391390, 506602, 136000]}, "dest_photo_space_incenter": [12033.162271113977, 11544.09338768217], "dest_rotation": -3.2483140806398665, "solution_x": 20, "solution_y": 16}