{"photo_space_origin": [1089.0, 1040.0], "photo_space_incenter": [1496.0, 1436.0], "robot_state": {"photo_at_motor_position": [167048, 542378, 136000]}, "dest_photo_space_incenter": [13116.409741679829, 17180.339775428023], "dest_rotation": -8.850878152848756, "solution_x": 22, "solution_y": 24}