{"photo_space_origin": [1252.0, 983.0], "photo_space_incenter": [1692.0, 1374.0], "robot_state": {"photo_at_motor_position": [303604, 542378, 136000]}, "dest_photo_space_incenter": [20369.80465143358, 13678.578995967357], "dest_rotation": -3.3375504260544435, "solution_x": 34, "solution_y": 19}