{"photo_space_origin": [1602.0, 1134.0], "photo_space_incenter": [2250.0, 1487.0], "robot_state": {"photo_at_motor_position": [98770, 408218, 136000]}, "dest_photo_space_incenter": [17830.408427721602, 2350.6595390565976], "dest_rotation": -1.3573353236525232, "solution_x": 30, "solution_y": 3}