{"photo_space_origin": [1216.0, 1032.0], "photo_space_incenter": [1685.0, 1566.0], "robot_state": {"photo_at_motor_position": [391390, 564738, 136000]}, "dest_photo_space_incenter": [5529.146672160326, 3725.794465738878], "dest_rotation": -4.134945157812123, "solution_x": 9, "solution_y": 5}