{"photo_space_origin": [1117.0, 1223.0], "photo_space_incenter": [1655.0, 1582.0], "robot_state": {"photo_at_motor_position": [245080, 578154, 136000]}, "dest_photo_space_incenter": [2022.4382400618251, 4568.08794824883], "dest_rotation": -7.426671939493568, "solution_x": 3, "solution_y": 6}