{"photo_space_origin": [1713.0, 1085.0], "photo_space_incenter": [2162.0, 1591.0], "robot_state": {"photo_at_motor_position": [313358, 511074, 136000]}, "dest_photo_space_incenter": [4317.705670162466, 7393.261289332044], "dest_rotation": -7.3854584559285135, "solution_x": 7, "solution_y": 10}