{"photo_space_origin": [1297.0, 1025.0], "photo_space_incenter": [1638.0, 1514.0], "robot_state": {"photo_at_motor_position": [108524, 524490, 136000]}, "dest_photo_space_incenter": [19004.37836246039, 10863.99208014338], "dest_rotation": 0.47412946575926185, "solution_x": 32, "solution_y": 15}