{"photo_space_origin": [1414.0, 813.0], "photo_space_incenter": [1905.0, 1334.0], "robot_state": {"photo_at_motor_position": [215818, 390330, 136000]}, "dest_photo_space_incenter": [6603.5, 451.93896484375], "dest_rotation": -3.326790779629758, "solution_x": 11, "solution_y": 0}