{"photo_space_origin": [1605.0, 1221.0], "photo_space_incenter": [2041.0, 1602.0], "robot_state": {"photo_at_motor_position": [196310, 403746, 136000]}, "dest_photo_space_incenter": [1363.5754985580838, 13067.434122100134], "dest_rotation": -2.3924792631528984, "solution_x": 2, "solution_y": 18}