{"photo_space_origin": [1309.0, 1188.0], "photo_space_incenter": [1649.0, 1478.0], "robot_state": {"photo_at_motor_position": [274342, 376914, 136000]}, "dest_photo_space_incenter": [17205.90974167983, 17236.739453976203], "dest_rotation": -8.770288283293361, "solution_x": 29, "solution_y": 24}