{"photo_space_origin": [2042.0, 1268.0], "photo_space_incenter": [2450.0, 1703.0], "robot_state": {"photo_at_motor_position": [59754, 546850, 136000]}, "dest_photo_space_incenter": [5979.488590265016, 8014.077817527479], "dest_rotation": -3.3417319482805716, "solution_x": 10, "solution_y": 11}