{"photo_space_origin": [1860.0, 983.0], "photo_space_incenter": [2266.0, 1523.0], "robot_state": {"photo_at_motor_position": [235326, 457410, 136000]}, "dest_photo_space_incenter": [3194.3239367733277, 15651.072922031823], "dest_rotation": -2.554042721967088, "solution_x": 5, "solution_y": 22}