{"photo_space_origin": [1498.0, 880.0], "photo_space_incenter": [1848.0, 1374.0], "robot_state": {"photo_at_motor_position": [323112, 385858, 136000]}, "dest_photo_space_incenter": [20291.8349376786, 12016.051927808221], "dest_rotation": -2.910999483459574, "solution_x": 34, "solution_y": 17}