{"photo_space_origin": [1718.0, 743.0], "photo_space_incenter": [2084.0, 1354.0], "robot_state": {"photo_at_motor_position": [167048, 421634, 136000]}, "dest_photo_space_incenter": [350.8627079159212, 7191.440779198023], "dest_rotation": -3.076226301198008, "solution_x": 0, "solution_y": 10}