{"photo_space_origin": [1329.0, 1117.0], "photo_space_incenter": [1820.0, 1525.0], "robot_state": {"photo_at_motor_position": [245080, 417162, 136000]}, "dest_photo_space_incenter": [8871.30477779898, 2548.540412360927], "dest_rotation": -1.2440759759414701, "solution_x": 15, "solution_y": 3}