{"photo_space_origin": [1130.0, 924.0], "photo_space_incenter": [1684.0, 1502.0], "robot_state": {"photo_at_motor_position": [323112, 408218, 136000]}, "dest_photo_space_incenter": [10225.356790454389, 11405.955692452571], "dest_rotation": -9.104008894371246, "solution_x": 17, "solution_y": 16}