{"photo_space_origin": [1956.0, 902.0], "photo_space_incenter": [2364.0, 1421.0], "robot_state": {"photo_at_motor_position": [245080, 560266, 136000]}, "dest_photo_space_incenter": [20346.18869907453, 8094.05811517576], "dest_rotation": -2.2430766064136765, "solution_x": 34, "solution_y": 11}