{"photo_space_origin": [1622.0, 1032.0], "photo_space_incenter": [2097.0, 1428.0], "robot_state": {"photo_at_motor_position": [332866, 542378, 136000]}, "dest_photo_space_incenter": [2537.0365244943173, 9496.503405245021], "dest_rotation": -4.606577691977726, "solution_x": 4, "solution_y": 13}