{"photo_space_origin": [1806.0, 980.0], "photo_space_incenter": [2212.0, 1347.0], "robot_state": {"photo_at_motor_position": [342620, 412690, 136000]}, "dest_photo_space_incenter": [6014.819620364075, 11659.50903266646], "dest_rotation": -2.7814744847511603, "solution_x": 10, "solution_y": 16}