{"photo_space_origin": [1336.0, 1078.0], "photo_space_incenter": [1834.0, 1551.0], "robot_state": {"photo_at_motor_position": [235326, 394802, 136000]}, "dest_photo_space_incenter": [11906.5, 413.26941204071045], "dest_rotation": -1.959878297664002, "solution_x": 20, "solution_y": 0}