{"photo_space_origin": [1023.0, 838.0], "photo_space_incenter": [1444.0, 1301.0], "robot_state": {"photo_at_motor_position": [235326, 555794, 136000]}, "dest_photo_space_incenter": [11488.63107927156, 10146.046531767883], "dest_rotation": -1.579275421564219, "solution_x": 19, "solution_y": 14}