{"photo_space_origin": [1552.0, 1063.0], "photo_space_incenter": [2194.0, 1449.0], "robot_state": {"photo_at_motor_position": [118278, 385858, 136000]}, "dest_photo_space_incenter": [17782.969064359844, 1174.577965647256], "dest_rotation": -4.278240853665036, "solution_x": 30, "solution_y": 1}