{"photo_space_origin": [1307.0, 1033.0], "photo_space_incenter": [1638.0, 1425.0], "robot_state": {"photo_at_motor_position": [108524, 488714, 136000]}, "dest_photo_space_incenter": [10206.409741679829, 17028.714187328864], "dest_rotation": -5.163928918956001, "solution_x": 17, "solution_y": 24}