{"photo_space_origin": [1092.0, 848.0], "photo_space_incenter": [1435.0, 1184.0], "robot_state": {"photo_at_motor_position": [264588, 399274, 136000]}, "dest_photo_space_incenter": [22510.727044507556, 13448.056083172876], "dest_rotation": 0.9842807529836204, "solution_x": 38, "solution_y": 19}