{"photo_space_origin": [1389.0, 1240.0], "photo_space_incenter": [1825.0, 1614.0], "robot_state": {"photo_at_motor_position": [118278, 587098, 136000]}, "dest_photo_space_incenter": [14288.084708324313, 14248.660537258667], "dest_rotation": 0.42809021907744826, "solution_x": 24, "solution_y": 20}