{"photo_space_origin": [1305.0, 1157.0], "photo_space_incenter": [1796.0, 1626.0], "robot_state": {"photo_at_motor_position": [352374, 520018, 136000]}, "dest_photo_space_incenter": [17957.60058603104, 14338.841137338317], "dest_rotation": -7.731012644456887, "solution_x": 30, "solution_y": 20}