{"photo_space_origin": [1582.0, 1118.0], "photo_space_incenter": [2078.0, 1609.0], "robot_state": {"photo_at_motor_position": [98770, 511074, 136000]}, "dest_photo_space_incenter": [7326.521601177787, 13753.192943662809], "dest_rotation": -3.8852322586855657, "solution_x": 12, "solution_y": 19}