{"photo_space_origin": [1603.0, 1093.0], "photo_space_incenter": [2267.0, 1668.0], "robot_state": {"photo_at_motor_position": [108524, 394802, 136000]}, "dest_photo_space_incenter": [18421.30642208477, 1825.9657764080423], "dest_rotation": -4.3945553675423605, "solution_x": 31, "solution_y": 2}