{"photo_space_origin": [1457.0, 793.0], "photo_space_incenter": [1788.0, 1306.0], "robot_state": {"photo_at_motor_position": [313358, 394802, 136000]}, "dest_photo_space_incenter": [12049.621053762632, 12250.315203510654], "dest_rotation": -2.5599743350612334, "solution_x": 20, "solution_y": 17}