{"photo_space_origin": [1720.0, 873.0], "photo_space_incenter": [2264.0, 1341.0], "robot_state": {"photo_at_motor_position": [59754, 564738, 136000]}, "dest_photo_space_incenter": [10839.946068968402, 10846.407939496887], "dest_rotation": -4.006023421001921, "solution_x": 18, "solution_y": 15}