{"photo_space_origin": [1252.0, 812.0], "photo_space_incenter": [1825.0, 1397.0], "robot_state": {"photo_at_motor_position": [274342, 497658, 136000]}, "dest_photo_space_incenter": [12353.196310690782, 5358.424642879999], "dest_rotation": -4.426426986375633, "solution_x": 21, "solution_y": 7}