{"photo_space_origin": [1069.0, 1258.0], "photo_space_incenter": [1672.0, 1647.0], "robot_state": {"photo_at_motor_position": [108524, 466354, 136000]}, "dest_photo_space_incenter": [10236.510824738274, 15019.706055355455], "dest_rotation": -1.10512277710251, "solution_x": 17, "solution_y": 21}