{"photo_space_origin": [1606.0, 1057.0], "photo_space_incenter": [2045.0, 1445.0], "robot_state": {"photo_at_motor_position": [371882, 582626, 136000]}, "dest_photo_space_incenter": [18379.411270905613, 8806.154813464513], "dest_rotation": 1.2917478486042615, "solution_x": 31, "solution_y": 12}