{"photo_space_origin": [1023.0, 907.0], "photo_space_incenter": [1568.0, 1306.0], "robot_state": {"photo_at_motor_position": [157294, 381386, 136000]}, "dest_photo_space_incenter": [10836.340201899959, 1695.394724789224], "dest_rotation": -0.7726075304631919, "solution_x": 18, "solution_y": 2}