{"photo_space_origin": [1294.0, 1175.0], "photo_space_incenter": [1852.0, 1713.0], "robot_state": {"photo_at_motor_position": [284096, 497658, 136000]}, "dest_photo_space_incenter": [11471.674996632035, 8606.909790277634], "dest_rotation": -1.349640207641245, "solution_x": 19, "solution_y": 12}