{"photo_space_origin": [1150.0, 1217.0], "photo_space_incenter": [1496.0, 1617.0], "robot_state": {"photo_at_motor_position": [332866, 578154, 136000]}, "dest_photo_space_incenter": [2058.0872544072754, 10031.370439154347], "dest_rotation": -4.072681251774162, "solution_x": 3, "solution_y": 14}