{"photo_space_origin": [1558.0, 1108.0], "photo_space_incenter": [2022.0, 1708.0], "robot_state": {"photo_at_motor_position": [176802, 479770, 136000]}, "dest_photo_space_incenter": [3040.045350122696, 7479.682702094346], "dest_rotation": -5.808885839598842, "solution_x": 5, "solution_y": 10}