{"photo_space_origin": [1500.0, 701.0], "photo_space_incenter": [1954.0, 1370.0], "robot_state": {"photo_at_motor_position": [118278, 564738, 136000]}, "dest_photo_space_incenter": [6871.649367951323, 7243.057453092293], "dest_rotation": -2.278620998156913, "solution_x": 11, "solution_y": 10}