{"photo_space_origin": [1625.0, 1008.0], "photo_space_incenter": [1924.0, 1463.0], "robot_state": {"photo_at_motor_position": [215818, 430578, 136000]}, "dest_photo_space_incenter": [989.4627567620952, 2281.018390706563], "dest_rotation": -3.3849570615102014, "solution_x": 1, "solution_y": 3}