{"photo_space_origin": [1148.0, 1190.0], "photo_space_incenter": [1589.0, 1631.0], "robot_state": {"photo_at_motor_position": [59754, 537906, 136000]}, "dest_photo_space_incenter": [9648.317146808298, 5994.280991983823], "dest_rotation": -1.143285636419667, "solution_x": 16, "solution_y": 8}