{"photo_space_origin": [1736.0, 933.0], "photo_space_incenter": [2211.0, 1403.0], "robot_state": {"photo_at_motor_position": [108524, 443994, 136000]}, "dest_photo_space_incenter": [8509.01171669873, 15776.694491498263], "dest_rotation": -4.768675179263236, "solution_x": 14, "solution_y": 22}