{"photo_space_origin": [2067.0, 1218.0], "photo_space_incenter": [2345.0, 1804.0], "robot_state": {"photo_at_motor_position": [342620, 488714, 136000]}, "dest_photo_space_incenter": [7365.937483562595, 6750.551519614975], "dest_rotation": -6.232393458278668, "solution_x": 12, "solution_y": 9}