{"photo_space_origin": [1466.0, 952.0], "photo_space_incenter": [1850.0, 1597.0], "robot_state": {"photo_at_motor_position": [196310, 573682, 136000]}, "dest_photo_space_incenter": [19053.227923349506, 11359.291874649381], "dest_rotation": -3.21192523860548, "solution_x": 32, "solution_y": 16}