{"photo_space_origin": [1333.0, 1105.0], "photo_space_incenter": [1996.0, 1380.0], "robot_state": {"photo_at_motor_position": [176802, 457410, 136000]}, "dest_photo_space_incenter": [5642.505542004778, 13206.149909019536], "dest_rotation": 1.5267065846538053, "solution_x": 9, "solution_y": 18}