{"photo_space_origin": [1801.0, 1035.0], "photo_space_incenter": [2247.0, 1466.0], "robot_state": {"photo_at_motor_position": [69508, 470826, 136000]}, "dest_photo_space_incenter": [10772.781865457146, 6628.643575409536], "dest_rotation": -3.0425695545038693, "solution_x": 18, "solution_y": 9}