{"photo_space_origin": [1590.0, 988.0], "photo_space_incenter": [2197.0, 1403.0], "robot_state": {"photo_at_motor_position": [284096, 408218, 136000]}, "dest_photo_space_incenter": [16752.611800063, 14867.144882550829], "dest_rotation": -0.5746409229944249, "solution_x": 28, "solution_y": 21}