{"photo_space_origin": [1454.0, 953.0], "photo_space_incenter": [1783.0, 1732.0], "robot_state": {"photo_at_motor_position": [118278, 359026, 136000]}, "dest_photo_space_incenter": [13827.5, 235.2836765050888], "dest_rotation": -3.0974833516375093, "solution_x": 23, "solution_y": 0}