{"photo_space_origin": [1433.0, 978.0], "photo_space_incenter": [1857.0, 1519.0], "robot_state": {"photo_at_motor_position": [128032, 569210, 136000]}, "dest_photo_space_incenter": [10356.995960453292, 13089.723228920644], "dest_rotation": -0.6315677718113033, "solution_x": 17, "solution_y": 18}