{"photo_space_origin": [1111.0, 882.0], "photo_space_incenter": [1503.0, 1227.0], "robot_state": {"photo_at_motor_position": [59754, 452938, 136000]}, "dest_photo_space_incenter": [3029.3902238120354, 7972.7556932021935], "dest_rotation": -6.387114510143297, "solution_x": 5, "solution_y": 11}