{"photo_space_origin": [1270.0, 1146.0], "photo_space_incenter": [2095.0, 1553.0], "robot_state": {"photo_at_motor_position": [128032, 524490, 136000]}, "dest_photo_space_incenter": [15499.427360604863, 15917.521163272657], "dest_rotation": 1.4987931675040684, "solution_x": 26, "solution_y": 22}