{"photo_space_origin": [1865.0, 1309.0], "photo_space_incenter": [2172.0, 1579.0], "robot_state": {"photo_at_motor_position": [89016, 578154, 136000]}, "dest_photo_space_incenter": [7387.3046040541485, 3690.858925166687], "dest_rotation": -4.563064734909961, "solution_x": 12, "solution_y": 5}