{"photo_space_origin": [1903.0, 808.0], "photo_space_incenter": [2247.0, 1201.0], "robot_state": {"photo_at_motor_position": [342620, 376914, 136000]}, "dest_photo_space_incenter": [10108.805676575663, 3920.403507062185], "dest_rotation": -1.0879284566435832, "solution_x": 17, "solution_y": 5}