{"photo_space_origin": [2071.0, 865.0], "photo_space_incenter": [2472.0, 1202.0], "robot_state": {"photo_at_motor_position": [69508, 385858, 136000]}, "dest_photo_space_incenter": [11738.75958305327, 5395.419115535353], "dest_rotation": -3.0849284739327043, "solution_x": 20, "solution_y": 7}