{"photo_space_origin": [1490.0, 908.0], "photo_space_incenter": [1835.0, 1248.0], "robot_state": {"photo_at_motor_position": [284096, 381386, 136000]}, "dest_photo_space_incenter": [21951.549321560327, 11600.57235598838], "dest_rotation": -1.9147939651566142, "solution_x": 37, "solution_y": 16}