{"photo_space_origin": [1085.0, 945.0], "photo_space_incenter": [1740.0, 1339.0], "robot_state": {"photo_at_motor_position": [128032, 439522, 136000]}, "dest_photo_space_incenter": [1394.8122847513373, 2999.5785178897804], "dest_rotation": -2.1116643831207957, "solution_x": 2, "solution_y": 4}