{"photo_space_origin": [1523.0, 996.0], "photo_space_incenter": [1921.0, 1494.0], "robot_state": {"photo_at_motor_position": [391390, 497658, 136000]}, "dest_photo_space_incenter": [16030.60180635788, 10989.301541685585], "dest_rotation": -3.116430986081545, "solution_x": 27, "solution_y": 15}