{"photo_space_origin": [903.0, 1202.0], "photo_space_incenter": [1478.0, 1693.0], "robot_state": {"photo_at_motor_position": [89016, 439522, 136000]}, "dest_photo_space_incenter": [12598.432739546633, 2484.3305679717405], "dest_rotation": -2.958097932785528, "solution_x": 21, "solution_y": 3}