{"photo_space_origin": [1921.0, 1105.0], "photo_space_incenter": [2322.0, 1737.0], "robot_state": {"photo_at_motor_position": [69508, 461882, 136000]}, "dest_photo_space_incenter": [3754.498390219528, 12441.035104341288], "dest_rotation": -6.106447310636651, "solution_x": 6, "solution_y": 17}