{"photo_space_origin": [1386.0, 969.0], "photo_space_incenter": [1923.0, 1501.0], "robot_state": {"photo_at_motor_position": [313358, 461882, 136000]}, "dest_photo_space_incenter": [6156.328224992649, 13808.170548853086], "dest_rotation": 0.6913672630795507, "solution_x": 10, "solution_y": 19}