{"photo_space_origin": [1715.0, 1189.0], "photo_space_incenter": [2074.0, 1616.0], "robot_state": {"photo_at_motor_position": [264588, 493186, 136000]}, "dest_photo_space_incenter": [22049.143548531843, 12148.300882125639], "dest_rotation": -3.3638871701877306, "solution_x": 37, "solution_y": 17}