{"photo_space_origin": [1924.0, 1274.0], "photo_space_incenter": [2409.0, 1560.0], "robot_state": {"photo_at_motor_position": [206064, 511074, 136000]}, "dest_photo_space_incenter": [760.9384312145427, 5138.682563334662], "dest_rotation": -7.297122725572621, "solution_x": 1, "solution_y": 7}