{"photo_space_origin": [1709.0, 967.0], "photo_space_incenter": [2105.0, 1613.0], "robot_state": {"photo_at_motor_position": [313358, 385858, 136000]}, "dest_photo_space_incenter": [18989.081063040638, 9288.793732055245], "dest_rotation": -2.81560954070204, "solution_x": 32, "solution_y": 13}