{"photo_space_origin": [1415.0, 1010.0], "photo_space_incenter": [2301.0, 1361.0], "robot_state": {"photo_at_motor_position": [89016, 363498, 136000]}, "dest_photo_space_incenter": [12935.287481620704, 8491.23176604979], "dest_rotation": -1.7252331952497324, "solution_x": 22, "solution_y": 12}