{"photo_space_origin": [1654.0, 1179.0], "photo_space_incenter": [2102.0, 1611.0], "robot_state": {"photo_at_motor_position": [157294, 466354, 136000]}, "dest_photo_space_incenter": [4904.520761427348, 1134.997241612495], "dest_rotation": -2.6069318368490033, "solution_x": 8, "solution_y": 1}