{"photo_space_origin": [1120.0, 955.0], "photo_space_incenter": [1550.0, 1282.0], "robot_state": {"photo_at_motor_position": [332866, 452938, 136000]}, "dest_photo_space_incenter": [4530.120514368176, 13037.016419425721], "dest_rotation": -4.205838367411076, "solution_x": 7, "solution_y": 18}