{"photo_space_origin": [1935.0, 1260.0], "photo_space_incenter": [2411.0, 1670.0], "robot_state": {"photo_at_motor_position": [128032, 367970, 136000]}, "dest_photo_space_incenter": [17199.0, 308.801307445392], "dest_rotation": -2.6420936321849804, "solution_x": 29, "solution_y": 0}