{"photo_space_origin": [1375.0, 1016.0], "photo_space_incenter": [1765.0, 1383.0], "robot_state": {"photo_at_motor_position": [157294, 524490, 136000]}, "dest_photo_space_incenter": [2607.4097416798286, 17105.584280133327], "dest_rotation": -3.9995610523101477, "solution_x": 4, "solution_y": 24}