{"photo_space_origin": [1377.0, 1130.0], "photo_space_incenter": [1921.0, 1430.0], "robot_state": {"photo_at_motor_position": [186556, 385858, 136000]}, "dest_photo_space_incenter": [8883.300943448652, 1155.119439509668], "dest_rotation": -2.374967691038053, "solution_x": 15, "solution_y": 1}