{"photo_space_origin": [1996.0, 1221.0], "photo_space_incenter": [2481.0, 1629.0], "robot_state": {"photo_at_motor_position": [362128, 475298, 136000]}, "dest_photo_space_incenter": [16166.786342620599, 13644.635966736043], "dest_rotation": -4.643186123206285, "solution_x": 27, "solution_y": 19}