{"photo_space_origin": [1244.0, 1238.0], "photo_space_incenter": [1588.0, 1576.0], "robot_state": {"photo_at_motor_position": [128032, 457410, 136000]}, "dest_photo_space_incenter": [4881.1578872105665, 16422.101151639894], "dest_rotation": -3.2286479391101124, "solution_x": 8, "solution_y": 23}