{"photo_space_origin": [1900.0, 914.0], "photo_space_incenter": [2271.0, 1515.0], "robot_state": {"photo_at_motor_position": [176802, 533434, 136000]}, "dest_photo_space_incenter": [3106.878259871171, 16551.06491288471], "dest_rotation": -0.37402917943965974, "solution_x": 5, "solution_y": 23}