{"photo_space_origin": [1122.0, 1061.0], "photo_space_incenter": [1630.0, 1497.0], "robot_state": {"photo_at_motor_position": [342620, 578154, 136000]}, "dest_photo_space_incenter": [3664.4597793847697, 5927.006936365103], "dest_rotation": -2.866219960017294, "solution_x": 6, "solution_y": 8}