{"photo_space_origin": [1114.0, 1017.0], "photo_space_incenter": [1604.0, 1625.0], "robot_state": {"photo_at_motor_position": [206064, 470826, 136000]}, "dest_photo_space_incenter": [16006.832991321127, 11803.522761267574], "dest_rotation": 0.9288344625287737, "solution_x": 27, "solution_y": 16}