{"photo_space_origin": [1726.0, 693.0], "photo_space_incenter": [2158.0, 1210.0], "robot_state": {"photo_at_motor_position": [89016, 390330, 136000]}, "dest_photo_space_incenter": [15472.542932318845, 1949.799293621042], "dest_rotation": -3.3050685690410075, "solution_x": 26, "solution_y": 2}