{"photo_space_origin": [1331.0, 1040.0], "photo_space_incenter": [1665.0, 1398.0], "robot_state": {"photo_at_motor_position": [235326, 488714, 136000]}, "dest_photo_space_incenter": [1428.1503453830646, 9429.32915802581], "dest_rotation": -2.962527688963806, "solution_x": 2, "solution_y": 13}