{"photo_space_origin": [1777.0, 1055.0], "photo_space_incenter": [2151.0, 1367.0], "robot_state": {"photo_at_motor_position": [225572, 578154, 136000]}, "dest_photo_space_incenter": [7489.878018471651, 5994.871100655117], "dest_rotation": -4.559493285894384, "solution_x": 12, "solution_y": 8}