{"photo_space_origin": [1779.0, 829.0], "photo_space_incenter": [2043.0, 1196.0], "robot_state": {"photo_at_motor_position": [98770, 363498, 136000]}, "dest_photo_space_incenter": [14183.57891853851, 2388.6755994700043], "dest_rotation": -0.046368545217693846, "solution_x": 24, "solution_y": 3}