{"photo_space_origin": [1578.0, 894.0], "photo_space_incenter": [1978.0, 1273.0], "robot_state": {"photo_at_motor_position": [147540, 448466, 136000]}, "dest_photo_space_incenter": [381.2328384894902, 5082.940779198023], "dest_rotation": -6.13122650692868, "solution_x": 0, "solution_y": 7}