{"photo_space_origin": [1389.0, 1093.0], "photo_space_incenter": [2087.0, 1640.0], "robot_state": {"photo_at_motor_position": [352374, 569210, 136000]}, "dest_photo_space_incenter": [6747.923095210557, 8591.558693326213], "dest_rotation": -2.8298242592464664, "solution_x": 11, "solution_y": 12}