{"photo_space_origin": [1525.0, 1244.0], "photo_space_incenter": [1807.0, 1568.0], "robot_state": {"photo_at_motor_position": [167048, 363498, 136000]}, "dest_photo_space_incenter": [19077.284634495278, 2752.9901866787923], "dest_rotation": -2.562149056000105, "solution_x": 32, "solution_y": 3}