{"photo_space_origin": [1441.0, 952.0], "photo_space_incenter": [1966.0, 1403.0], "robot_state": {"photo_at_motor_position": [128032, 560266, 136000]}, "dest_photo_space_incenter": [3274.99891819686, 10070.098939709], "dest_rotation": -1.8508267047351181, "solution_x": 5, "solution_y": 14}