{"photo_space_origin": [1680.0, 1084.0], "photo_space_incenter": [2205.0, 1616.0], "robot_state": {"photo_at_motor_position": [176802, 582626, 136000]}, "dest_photo_space_incenter": [17295.97303227955, 5254.496104686912], "dest_rotation": -3.8825118609483766, "solution_x": 29, "solution_y": 7}