{"photo_space_origin": [1530.0, 870.0], "photo_space_incenter": [1973.0, 1268.0], "robot_state": {"photo_at_motor_position": [89016, 582626, 136000]}, "dest_photo_space_incenter": [14832.605643000967, 13555.260334220418], "dest_rotation": -1.5621542042798477, "solution_x": 25, "solution_y": 19}