{"photo_space_origin": [1313.0, 934.0], "photo_space_incenter": [1744.0, 1320.0], "robot_state": {"photo_at_motor_position": [362128, 546850, 136000]}, "dest_photo_space_incenter": [16767.334541792807, 13543.920176460935], "dest_rotation": -3.0904728549397644, "solution_x": 28, "solution_y": 19}