{"photo_space_origin": [1729.0, 1142.0], "photo_space_incenter": [2339.0, 1551.0], "robot_state": {"photo_at_motor_position": [108524, 412690, 136000]}, "dest_photo_space_incenter": [20213.33227754433, 1709.9734357601897], "dest_rotation": -0.8616417354263892, "solution_x": 34, "solution_y": 2}