{"photo_space_origin": [1099.0, 804.0], "photo_space_incenter": [1498.0, 1438.0], "robot_state": {"photo_at_motor_position": [274342, 573682, 136000]}, "dest_photo_space_incenter": [5001.703437191655, 11773.907796124355], "dest_rotation": -6.649296638494379, "solution_x": 8, "solution_y": 16}