{"photo_space_origin": [1836.0, 833.0], "photo_space_incenter": [2194.0, 1472.0], "robot_state": {"photo_at_motor_position": [332866, 412690, 136000]}, "dest_photo_space_incenter": [8441.336863951114, 10650.22477725926], "dest_rotation": -3.60575724856263, "solution_x": 14, "solution_y": 15}