{"photo_space_origin": [1435.0, 1222.0], "photo_space_incenter": [1715.0, 1662.0], "robot_state": {"photo_at_motor_position": [274342, 385858, 136000]}, "dest_photo_space_incenter": [16754.40974167983, 17243.152214392867], "dest_rotation": -8.154499858306313, "solution_x": 28, "solution_y": 24}