{"photo_space_origin": [1466.0, 1091.0], "photo_space_incenter": [2113.0, 1300.0], "robot_state": {"photo_at_motor_position": [225572, 542378, 136000]}, "dest_photo_space_incenter": [8273.283764980653, 4447.984970732547], "dest_rotation": -1.7601295770819785, "solution_x": 14, "solution_y": 6}