{"photo_space_origin": [1701.0, 1204.0], "photo_space_incenter": [2367.0, 1498.0], "robot_state": {"photo_at_motor_position": [89016, 403746, 136000]}, "dest_photo_space_incenter": [15412.0, 200.4104595631361], "dest_rotation": -1.1724952179995853, "solution_x": 26, "solution_y": 0}