{"photo_space_origin": [1569.0, 1187.0], "photo_space_incenter": [1931.0, 1681.0], "robot_state": {"photo_at_motor_position": [157294, 376914, 136000]}, "dest_photo_space_incenter": [20238.64610703753, 2377.605681287815], "dest_rotation": -3.9408790565530287, "solution_x": 34, "solution_y": 3}