{"photo_space_origin": [1105.0, 948.0], "photo_space_incenter": [1609.0, 1503.0], "robot_state": {"photo_at_motor_position": [59754, 350082, 136000]}, "dest_photo_space_incenter": [5587.993966023023, 4616.786420664885], "dest_rotation": -3.1210903834966466, "solution_x": 9, "solution_y": 6}