{"photo_space_origin": [1314.0, 1203.0], "photo_space_incenter": [1773.0, 1610.0], "robot_state": {"photo_at_motor_position": [137786, 587098, 136000]}, "dest_photo_space_incenter": [4244.504922697367, 5479.892962916996], "dest_rotation": -3.3967017676948923, "solution_x": 7, "solution_y": 7}