{"photo_space_origin": [1161.0, 927.0], "photo_space_incenter": [1531.0, 1350.0], "robot_state": {"photo_at_motor_position": [293850, 502130, 136000]}, "dest_photo_space_incenter": [8588.970006158142, 7966.846150260745], "dest_rotation": -3.4385722254877695, "solution_x": 14, "solution_y": 11}