{"photo_space_origin": [1645.0, 814.0], "photo_space_incenter": [2107.0, 1228.0], "robot_state": {"photo_at_motor_position": [245080, 515546, 136000]}, "dest_photo_space_incenter": [22076.715018457617, 12757.674036830927], "dest_rotation": -0.10356908751805793, "solution_x": 37, "solution_y": 18}