{"photo_space_origin": [1137.0, 816.0], "photo_space_incenter": [1594.0, 1357.0], "robot_state": {"photo_at_motor_position": [157294, 412690, 136000]}, "dest_photo_space_incenter": [6055.570924962319, 1805.639218491338], "dest_rotation": -4.318270587695233, "solution_x": 10, "solution_y": 2}