{"photo_space_origin": [1634.0, 1034.0], "photo_space_incenter": [2030.0, 1405.0], "robot_state": {"photo_at_motor_position": [303604, 452938, 136000]}, "dest_photo_space_incenter": [4885.071868047031, 13829.852614223792], "dest_rotation": -1.9920425876349448, "solution_x": 8, "solution_y": 19}