{"photo_space_origin": [1760.0, 1074.0], "photo_space_incenter": [2194.0, 1593.0], "robot_state": {"photo_at_motor_position": [293850, 551322, 136000]}, "dest_photo_space_incenter": [15055.951924679815, 7998.51877608949], "dest_rotation": -1.1261659526624594, "solution_x": 25, "solution_y": 11}