{"photo_space_origin": [1110.0, 1037.0], "photo_space_incenter": [1644.0, 1535.0], "robot_state": {"photo_at_motor_position": [332866, 421634, 136000]}, "dest_photo_space_incenter": [4282.9384200127115, 3776.315294680636], "dest_rotation": -1.0919278341289669, "solution_x": 7, "solution_y": 5}