{"photo_space_origin": [1340.0, 1266.0], "photo_space_incenter": [1968.0, 1628.0], "robot_state": {"photo_at_motor_position": [128032, 394802, 136000]}, "dest_photo_space_incenter": [19133.11726608996, 1233.369654842488], "dest_rotation": -4.805619962208596, "solution_x": 32, "solution_y": 1}