{"photo_space_origin": [1945.0, 1037.0], "photo_space_incenter": [2321.0, 1683.0], "robot_state": {"photo_at_motor_position": [128032, 448466, 136000]}, "dest_photo_space_incenter": [853.7133878424593, 7514.875052291128], "dest_rotation": -6.0950544706143965, "solution_x": 1, "solution_y": 10}