{"photo_space_origin": [1470.0, 1228.0], "photo_space_incenter": [1898.0, 1642.0], "robot_state": {"photo_at_motor_position": [381636, 537906, 136000]}, "dest_photo_space_incenter": [6870.398652731396, 5299.449075808785], "dest_rotation": -1.3859900298715686, "solution_x": 11, "solution_y": 7}