{"photo_space_origin": [1076.0, 1168.0], "photo_space_incenter": [1561.0, 1643.0], "robot_state": {"photo_at_motor_position": [196310, 511074, 136000]}, "dest_photo_space_incenter": [1331.5443156947579, 6034.677461719582], "dest_rotation": -5.89122188154041, "solution_x": 2, "solution_y": 8}