{"photo_space_origin": [1366.0, 825.0], "photo_space_incenter": [1824.0, 1274.0], "robot_state": {"photo_at_motor_position": [264588, 359026, 136000]}, "dest_photo_space_incenter": [18501.512767350185, 15650.489456007792], "dest_rotation": -5.486051332251485, "solution_x": 31, "solution_y": 22}