{"photo_space_origin": [1821.0, 850.0], "photo_space_incenter": [2237.0, 1331.0], "robot_state": {"photo_at_motor_position": [186556, 560266, 136000]}, "dest_photo_space_incenter": [13727.415625941678, 15025.126365065229], "dest_rotation": 1.1920247843204095, "solution_x": 23, "solution_y": 21}