{"photo_space_origin": [1666.0, 1187.0], "photo_space_incenter": [2138.0, 1502.0], "robot_state": {"photo_at_motor_position": [293850, 367970, 136000]}, "dest_photo_space_incenter": [23035.226440429688, 9456.064974809535], "dest_rotation": -2.6469205195847163, "solution_x": 39, "solution_y": 13}