{"photo_space_origin": [1574.0, 787.0], "photo_space_incenter": [1938.0, 1173.0], "robot_state": {"photo_at_motor_position": [381636, 479770, 136000]}, "dest_photo_space_incenter": [20947.305431521814, 10726.599046458892], "dest_rotation": -4.169451814932356, "solution_x": 35, "solution_y": 15}