{"photo_space_origin": [1353.0, 993.0], "photo_space_incenter": [1683.0, 1679.0], "robot_state": {"photo_at_motor_position": [186556, 515546, 136000]}, "dest_photo_space_incenter": [5677.110975347316, 15117.92115359736], "dest_rotation": -7.850891699252452, "solution_x": 9, "solution_y": 21}