{"photo_space_origin": [1040.0, 1130.0], "photo_space_incenter": [1505.0, 1594.0], "robot_state": {"photo_at_motor_position": [284096, 578154, 136000]}, "dest_photo_space_incenter": [6886.945691301065, 5946.28787696222], "dest_rotation": -4.401951074693885, "solution_x": 11, "solution_y": 8}