{"photo_space_origin": [1536.0, 1246.0], "photo_space_incenter": [1958.0, 1618.0], "robot_state": {"photo_at_motor_position": [128032, 551322, 136000]}, "dest_photo_space_incenter": [16129.81820863473, 8160.293792743358], "dest_rotation": -3.748460595634294, "solution_x": 27, "solution_y": 11}