{"photo_space_origin": [1671.0, 1171.0], "photo_space_incenter": [2095.0, 1596.0], "robot_state": {"photo_at_motor_position": [284096, 587098, 136000]}, "dest_photo_space_incenter": [14248.222561141116, 10251.583275261524], "dest_rotation": -4.5821420439814275, "solution_x": 24, "solution_y": 14}