{"photo_space_origin": [1716.0, 972.0], "photo_space_incenter": [2088.0, 1391.0], "robot_state": {"photo_at_motor_position": [98770, 354554, 136000]}, "dest_photo_space_incenter": [12587.660952241386, 1120.8122343034042], "dest_rotation": -2.974235859219216, "solution_x": 21, "solution_y": 1}