{"photo_space_origin": [1878.0, 930.0], "photo_space_incenter": [2523.0, 1396.0], "robot_state": {"photo_at_motor_position": [176802, 542378, 136000]}, "dest_photo_space_incenter": [13651.909741679829, 17242.114576046515], "dest_rotation": -4.460360341295449, "solution_x": 23, "solution_y": 24}