{"photo_space_origin": [1663.0, 1192.0], "photo_space_incenter": [1918.0, 1489.0], "robot_state": {"photo_at_motor_position": [225572, 435050, 136000]}, "dest_photo_space_incenter": [183.7064529516631, 13749.440779198023], "dest_rotation": -6.81092719825206, "solution_x": 0, "solution_y": 19}