{"photo_space_origin": [1174.0, 1270.0], "photo_space_incenter": [1587.0, 1713.0], "robot_state": {"photo_at_motor_position": [128032, 403746, 136000]}, "dest_photo_space_incenter": [21248.248717457707, 2334.114583534245], "dest_rotation": -2.4874997140522352, "solution_x": 36, "solution_y": 3}