{"photo_space_origin": [1166.0, 882.0], "photo_space_incenter": [1526.0, 1277.0], "robot_state": {"photo_at_motor_position": [128032, 376914, 136000]}, "dest_photo_space_incenter": [19060.711844087367, 1972.167715625265], "dest_rotation": -3.272232156838297, "solution_x": 32, "solution_y": 2}