{"photo_space_origin": [1626.0, 1181.0], "photo_space_incenter": [2036.0, 1679.0], "robot_state": {"photo_at_motor_position": [371882, 573682, 136000]}, "dest_photo_space_incenter": [13250.255658291884, 4589.585850749297], "dest_rotation": -2.402985144635385, "solution_x": 22, "solution_y": 6}