{"photo_space_origin": [1633.0, 967.0], "photo_space_incenter": [2154.0, 1410.0], "robot_state": {"photo_at_motor_position": [352374, 399274, 136000]}, "dest_photo_space_incenter": [19692.17341519295, 6554.899592482373], "dest_rotation": 0.49124443908977566, "solution_x": 33, "solution_y": 9}