{"photo_space_origin": [1352.0, 919.0], "photo_space_incenter": [1878.0, 1381.0], "robot_state": {"photo_at_motor_position": [303604, 479770, 136000]}, "dest_photo_space_incenter": [14353.71967801089, 6156.243793279373], "dest_rotation": -1.287016520032445, "solution_x": 24, "solution_y": 8}