{"photo_space_origin": [1953.0, 813.0], "photo_space_incenter": [2227.0, 1191.0], "robot_state": {"photo_at_motor_position": [342620, 560266, 136000]}, "dest_photo_space_incenter": [15655.596093704931, 7019.651899364106], "dest_rotation": -2.852660414344702, "solution_x": 26, "solution_y": 9}