{"photo_space_origin": [1744.0, 1058.0], "photo_space_incenter": [2251.0, 1424.0], "robot_state": {"photo_at_motor_position": [323112, 524490, 136000]}, "dest_photo_space_incenter": [7877.508799646594, 7884.1597099948285], "dest_rotation": -2.653410393047168, "solution_x": 13, "solution_y": 11}