{"photo_space_origin": [1397.0, 1279.0], "photo_space_incenter": [1741.0, 1600.0], "robot_state": {"photo_at_motor_position": [215818, 569210, 136000]}, "dest_photo_space_incenter": [12937.060563029476, 10337.842549332203], "dest_rotation": -7.914989323908002, "solution_x": 22, "solution_y": 14}