{"photo_space_origin": [1757.0, 1003.0], "photo_space_incenter": [2164.0, 1315.0], "robot_state": {"photo_at_motor_position": [332866, 569210, 136000]}, "dest_photo_space_incenter": [4377.924137853893, 9409.14885943897], "dest_rotation": -1.7605267832944222, "solution_x": 7, "solution_y": 13}