{"photo_space_origin": [1208.0, 1090.0], "photo_space_incenter": [1780.0, 1592.0], "robot_state": {"photo_at_motor_position": [245080, 399274, 136000]}, "dest_photo_space_incenter": [9503.507556837247, 2567.83567547439], "dest_rotation": -3.708101708229933, "solution_x": 16, "solution_y": 3}