{"photo_space_origin": [1516.0, 877.0], "photo_space_incenter": [1881.0, 1410.0], "robot_state": {"photo_at_motor_position": [118278, 426106, 136000]}, "dest_photo_space_incenter": [240.80332665473946, 10069.940779198023], "dest_rotation": -5.856451101855911, "solution_x": 0, "solution_y": 14}