{"photo_space_origin": [1500.0, 1176.0], "photo_space_incenter": [1866.0, 1795.0], "robot_state": {"photo_at_motor_position": [391390, 479770, 136000]}, "dest_photo_space_incenter": [2484.1170953571036, 8824.15253096956], "dest_rotation": -6.690215308855009, "solution_x": 4, "solution_y": 12}