{"photo_space_origin": [1069.0, 1079.0], "photo_space_incenter": [1481.0, 1722.0], "robot_state": {"photo_at_motor_position": [245080, 497658, 136000]}, "dest_photo_space_incenter": [22511.966055681893, 15821.688863354953], "dest_rotation": -0.5534895896642236, "solution_x": 38, "solution_y": 22}