{"photo_space_origin": [1694.0, 1121.0], "photo_space_incenter": [2033.0, 1570.0], "robot_state": {"photo_at_motor_position": [147540, 515546, 136000]}, "dest_photo_space_incenter": [1366.5933064537464, 16321.384706565354], "dest_rotation": 1.483070148525158, "solution_x": 2, "solution_y": 23}