{"photo_space_origin": [2037.0, 1192.0], "photo_space_incenter": [2365.0, 1827.0], "robot_state": {"photo_at_motor_position": [352374, 421634, 136000]}, "dest_photo_space_incenter": [8419.762301205108, 14253.675481061247], "dest_rotation": -3.801615998585314, "solution_x": 14, "solution_y": 20}