{"photo_space_origin": [1593.0, 1056.0], "photo_space_incenter": [2030.0, 1515.0], "robot_state": {"photo_at_motor_position": [128032, 515546, 136000]}, "dest_photo_space_incenter": [13743.64249289847, 16466.38534282327], "dest_rotation": -3.617802759513411, "solution_x": 23, "solution_y": 23}