{"photo_space_origin": [1941.0, 1104.0], "photo_space_incenter": [2314.0, 1463.0], "robot_state": {"photo_at_motor_position": [303604, 569210, 136000]}, "dest_photo_space_incenter": [19021.66793430177, 5938.29554345918], "dest_rotation": -3.7931881159592074, "solution_x": 32, "solution_y": 8}