{"photo_space_origin": [1094.0, 1008.0], "photo_space_incenter": [1429.0, 1437.0], "robot_state": {"photo_at_motor_position": [245080, 466354, 136000]}, "dest_photo_space_incenter": [2637.233968774414, 15769.44875927042], "dest_rotation": 2.9141167930969756, "solution_x": 4, "solution_y": 22}