{"photo_space_origin": [1181.0, 1024.0], "photo_space_incenter": [1537.0, 1314.0], "robot_state": {"photo_at_motor_position": [264588, 439522, 136000]}, "dest_photo_space_incenter": [20874.860169292, 15871.985238825106], "dest_rotation": -8.183627341764133, "solution_x": 35, "solution_y": 22}