{"photo_space_origin": [1081.0, 850.0], "photo_space_incenter": [1560.0, 1336.0], "robot_state": {"photo_at_motor_position": [137786, 354554, 136000]}, "dest_photo_space_incenter": [14980.010059515087, 1133.4426028965072], "dest_rotation": -5.9971836960382685, "solution_x": 25, "solution_y": 1}