{"photo_space_origin": [1363.0, 1104.0], "photo_space_incenter": [1781.0, 1498.0], "robot_state": {"photo_at_motor_position": [284096, 350082, 136000]}, "dest_photo_space_incenter": [21477.099246900107, 8081.92706535286], "dest_rotation": -2.210759998770852, "solution_x": 36, "solution_y": 11}