{"photo_space_origin": [1740.0, 988.0], "photo_space_incenter": [2253.0, 1441.0], "robot_state": {"photo_at_motor_position": [79262, 515546, 136000]}, "dest_photo_space_incenter": [9750.607082584036, 6647.888371376765], "dest_rotation": -5.686285021038099, "solution_x": 16, "solution_y": 9}