{"photo_space_origin": [1351.0, 1165.0], "photo_space_incenter": [1692.0, 1381.0], "robot_state": {"photo_at_motor_position": [274342, 350082, 136000]}, "dest_photo_space_incenter": [21538.311009407516, 10628.379045650257], "dest_rotation": 1.29402817257328, "solution_x": 36, "solution_y": 15}