{"photo_space_origin": [1019.0, 1096.0], "photo_space_incenter": [1362.0, 1478.0], "robot_state": {"photo_at_motor_position": [137786, 457410, 136000]}, "dest_photo_space_incenter": [893.5640677689973, 8215.309325384233], "dest_rotation": -1.6123202335409919, "solution_x": 1, "solution_y": 11}