{"photo_space_origin": [1131.0, 993.0], "photo_space_incenter": [1473.0, 1170.0], "robot_state": {"photo_at_motor_position": [59754, 417162, 136000]}, "dest_photo_space_incenter": [19138.597003322513, 7238.1128710409175], "dest_rotation": 1.4735409781124638, "solution_x": 32, "solution_y": 10}