{"photo_space_origin": [1326.0, 945.0], "photo_space_incenter": [1698.0, 1444.0], "robot_state": {"photo_at_motor_position": [332866, 479770, 136000]}, "dest_photo_space_incenter": [19155.536217558125, 3879.5937578768862], "dest_rotation": -3.207608887486437, "solution_x": 32, "solution_y": 5}