{"photo_space_origin": [1614.0, 1109.0], "photo_space_incenter": [1938.0, 1566.0], "robot_state": {"photo_at_motor_position": [323112, 461882, 136000]}, "dest_photo_space_incenter": [10352.834509727969, 6022.539843104103], "dest_rotation": -2.155037518738504, "solution_x": 17, "solution_y": 8}