{"photo_space_origin": [1272.0, 924.0], "photo_space_incenter": [1941.0, 1385.0], "robot_state": {"photo_at_motor_position": [176802, 520018, 136000]}, "dest_photo_space_incenter": [2030.2165987140802, 14535.453695063909], "dest_rotation": -5.035601142324799, "solution_x": 3, "solution_y": 20}