{"photo_space_origin": [1914.0, 873.0], "photo_space_incenter": [2248.0, 1288.0], "robot_state": {"photo_at_motor_position": [79262, 417162, 136000]}, "dest_photo_space_incenter": [13345.025964860133, 1948.9907280976422], "dest_rotation": -2.3801119293724926, "solution_x": 22, "solution_y": 2}