{"photo_space_origin": [1468.0, 1010.0], "photo_space_incenter": [1973.0, 1531.0], "robot_state": {"photo_at_motor_position": [108524, 515546, 136000]}, "dest_photo_space_incenter": [296.3032472266095, 16366.440779198023], "dest_rotation": -4.123652970294618, "solution_x": 0, "solution_y": 23}