{"photo_space_origin": [1892.0, 1188.0], "photo_space_incenter": [2389.0, 1509.0], "robot_state": {"photo_at_motor_position": [293850, 394802, 136000]}, "dest_photo_space_incenter": [7435.940819231905, 14518.73772438882], "dest_rotation": 1.7226719409998879, "solution_x": 12, "solution_y": 20}