{"photo_space_origin": [1839.0, 1248.0], "photo_space_incenter": [2461.0, 1632.0], "robot_state": {"photo_at_motor_position": [98770, 578154, 136000]}, "dest_photo_space_incenter": [17889.43435933461, 13477.320542346371], "dest_rotation": -8.097286621606255, "solution_x": 30, "solution_y": 19}