{"photo_space_origin": [1383.0, 1152.0], "photo_space_incenter": [1726.0, 1580.0], "robot_state": {"photo_at_motor_position": [313358, 502130, 136000]}, "dest_photo_space_incenter": [19604.509385374364, 5899.677557355946], "dest_rotation": -4.1143421690781565, "solution_x": 33, "solution_y": 8}