{"photo_space_origin": [1505.0, 978.0], "photo_space_incenter": [1979.0, 1223.0], "robot_state": {"photo_at_motor_position": [264588, 421634, 136000]}, "dest_photo_space_incenter": [23183.835201263428, 12916.064974809535], "dest_rotation": -4.675050020861239, "solution_x": 39, "solution_y": 18}