{"photo_space_origin": [1845.0, 1134.0], "photo_space_incenter": [2304.0, 1519.0], "robot_state": {"photo_at_motor_position": [225572, 403746, 136000]}, "dest_photo_space_incenter": [10717.78761793108, 1034.8814021829712], "dest_rotation": -0.8647725701409845, "solution_x": 18, "solution_y": 1}