{"photo_space_origin": [1834.0, 915.0], "photo_space_incenter": [2343.0, 1326.0], "robot_state": {"photo_at_motor_position": [225572, 506602, 136000]}, "dest_photo_space_incenter": [3184.0368579095502, 2336.9903516002455], "dest_rotation": -1.8020161063811215, "solution_x": 5, "solution_y": 3}