{"photo_space_origin": [1637.0, 1055.0], "photo_space_incenter": [2007.0, 1423.0], "robot_state": {"photo_at_motor_position": [293850, 412690, 136000]}, "dest_photo_space_incenter": [19420.807545050076, 10158.589958018038], "dest_rotation": -1.4651817672672593, "solution_x": 33, "solution_y": 14}