{"photo_space_origin": [1123.0, 1005.0], "photo_space_incenter": [1425.0, 1450.0], "robot_state": {"photo_at_motor_position": [98770, 502130, 136000]}, "dest_photo_space_incenter": [12601.852375826877, 7279.991103657473], "dest_rotation": -3.3070827851207834, "solution_x": 21, "solution_y": 10}