{"photo_space_origin": [1581.0, 761.0], "photo_space_incenter": [1957.0, 1316.0], "robot_state": {"photo_at_motor_position": [332866, 461882, 136000]}, "dest_photo_space_incenter": [15565.092674084422, 11567.674475159443], "dest_rotation": -3.5432690920971845, "solution_x": 26, "solution_y": 16}