{"photo_space_origin": [1694.0, 900.0], "photo_space_incenter": [2090.0, 1416.0], "robot_state": {"photo_at_motor_position": [98770, 439522, 136000]}, "dest_photo_space_incenter": [21904.56616456531, 980.7674238568492], "dest_rotation": -3.9607283477666955, "solution_x": 37, "solution_y": 1}