{"photo_space_origin": [1138.0, 1208.0], "photo_space_incenter": [1601.0, 1661.0], "robot_state": {"photo_at_motor_position": [206064, 461882, 136000]}, "dest_photo_space_incenter": [17898.52551622656, 3357.881615979125], "dest_rotation": -5.703346926175763, "solution_x": 30, "solution_y": 4}