{"photo_space_origin": [1424.0, 1201.0], "photo_space_incenter": [1922.0, 1602.0], "robot_state": {"photo_at_motor_position": [264588, 560266, 136000]}, "dest_photo_space_incenter": [2539.3702720924894, 14285.163340736392], "dest_rotation": -1.8723545941958832, "solution_x": 4, "solution_y": 20}