{"photo_space_origin": [1634.0, 957.0], "photo_space_incenter": [2097.0, 1527.0], "robot_state": {"photo_at_motor_position": [254834, 359026, 136000]}, "dest_photo_space_incenter": [21489.147385080272, 14798.975865026956], "dest_rotation": -2.225700946760997, "solution_x": 36, "solution_y": 21}