{"photo_space_origin": [1802.0, 1165.0], "photo_space_incenter": [2268.0, 1646.0], "robot_state": {"photo_at_motor_position": [186556, 546850, 136000]}, "dest_photo_space_incenter": [13767.573570873421, 15797.252849460288], "dest_rotation": -2.3127074311374125, "solution_x": 23, "solution_y": 22}