{"photo_space_origin": [1207.0, 1156.0], "photo_space_incenter": [1396.0, 1549.0], "robot_state": {"photo_at_motor_position": [137786, 475298, 136000]}, "dest_photo_space_incenter": [4131.649239513985, 14977.513339314937], "dest_rotation": 0.6995441541690406, "solution_x": 7, "solution_y": 21}