{"photo_space_origin": [1831.0, 922.0], "photo_space_incenter": [2217.0, 1538.0], "robot_state": {"photo_at_motor_position": [69508, 528962, 136000]}, "dest_photo_space_incenter": [11948.190546564776, 13063.19989786958], "dest_rotation": 0.04483922576288979, "solution_x": 20, "solution_y": 18}