{"photo_space_origin": [2052.0, 854.0], "photo_space_incenter": [2474.0, 1456.0], "robot_state": {"photo_at_motor_position": [342620, 497658, 136000]}, "dest_photo_space_incenter": [20158.83936041354, 14232.14621960581], "dest_rotation": -4.5280115993467795, "solution_x": 34, "solution_y": 20}