{"photo_space_origin": [1891.0, 1178.0], "photo_space_incenter": [2195.0, 1663.0], "robot_state": {"photo_at_motor_position": [323112, 497658, 136000]}, "dest_photo_space_incenter": [11323.214443666682, 3091.0146781259173], "dest_rotation": -3.4729902233955308, "solution_x": 19, "solution_y": 4}