{"photo_space_origin": [1791.0, 998.0], "photo_space_incenter": [2167.0, 1481.0], "robot_state": {"photo_at_motor_position": [89016, 537906, 136000]}, "dest_photo_space_incenter": [19140.804607053615, 14337.721854476711], "dest_rotation": -1.9413062649324715, "solution_x": 32, "solution_y": 20}