{"photo_space_origin": [1498.0, 894.0], "photo_space_incenter": [1821.0, 1439.0], "robot_state": {"photo_at_motor_position": [391390, 515546, 136000]}, "dest_photo_space_incenter": [7890.215215203662, 3751.130930270985], "dest_rotation": -3.8516252262176374, "solution_x": 13, "solution_y": 5}