{"photo_space_origin": [1285.0, 880.0], "photo_space_incenter": [1697.0, 1359.0], "robot_state": {"photo_at_motor_position": [245080, 484242, 136000]}, "dest_photo_space_incenter": [17803.701897665975, 16311.350726400522], "dest_rotation": -9.036864849344388, "solution_x": 30, "solution_y": 23}