{"photo_space_origin": [1647.0, 1099.0], "photo_space_incenter": [2125.0, 1720.0], "robot_state": {"photo_at_motor_position": [284096, 569210, 136000]}, "dest_photo_space_incenter": [12616.64722110987, 13496.206184871284], "dest_rotation": -9.044858812753365, "solution_x": 21, "solution_y": 19}