{"photo_space_origin": [1631.0, 834.0], "photo_space_incenter": [2080.0, 1386.0], "robot_state": {"photo_at_motor_position": [313358, 452938, 136000]}, "dest_photo_space_incenter": [16133.603804731107, 3241.5649328772665], "dest_rotation": -2.606535710578828, "solution_x": 27, "solution_y": 4}