{"photo_space_origin": [1272.0, 1039.0], "photo_space_incenter": [1620.0, 1482.0], "robot_state": {"photo_at_motor_position": [381636, 385858, 136000]}, "dest_photo_space_incenter": [14787.464511056121, 3969.5148622302095], "dest_rotation": -0.0077702306644393815, "solution_x": 25, "solution_y": 5}