{"photo_space_origin": [1533.0, 1095.0], "photo_space_incenter": [1960.0, 1418.0], "robot_state": {"photo_at_motor_position": [98770, 569210, 136000]}, "dest_photo_space_incenter": [9118.897018359772, 6682.495750769707], "dest_rotation": -3.4145077171421656, "solution_x": 15, "solution_y": 9}