{"photo_space_origin": [1450.0, 1210.0], "photo_space_incenter": [1840.0, 1562.0], "robot_state": {"photo_at_motor_position": [391390, 412690, 136000]}, "dest_photo_space_incenter": [16861.215541245234, 3910.8953596093265], "dest_rotation": -4.637594687845219, "solution_x": 28, "solution_y": 5}