{"photo_space_origin": [1253.0, 1103.0], "photo_space_incenter": [1931.0, 1446.0], "robot_state": {"photo_at_motor_position": [225572, 372442, 136000]}, "dest_photo_space_incenter": [11387.506096029625, 2274.9678560363946], "dest_rotation": -1.476384899204794, "solution_x": 19, "solution_y": 3}