{"photo_space_origin": [1208.0, 997.0], "photo_space_incenter": [1727.0, 1452.0], "robot_state": {"photo_at_motor_position": [274342, 439522, 136000]}, "dest_photo_space_incenter": [22378.530422411706, 14364.560528991206], "dest_rotation": 1.2500314215186012, "solution_x": 38, "solution_y": 20}