{"photo_space_origin": [1414.0, 1097.0], "photo_space_incenter": [1671.0, 1451.0], "robot_state": {"photo_at_motor_position": [313358, 408218, 136000]}, "dest_photo_space_incenter": [19485.894307150113, 5049.433316524632], "dest_rotation": 0.2637580531791972, "solution_x": 33, "solution_y": 7}