{"photo_space_origin": [1260.0, 1245.0], "photo_space_incenter": [1615.0, 1605.0], "robot_state": {"photo_at_motor_position": [264588, 394802, 136000]}, "dest_photo_space_incenter": [17287.691421742573, 14831.37414360822], "dest_rotation": -5.961140868628356, "solution_x": 29, "solution_y": 21}