{"photo_space_origin": [1974.0, 882.0], "photo_space_incenter": [2378.0, 1541.0], "robot_state": {"photo_at_motor_position": [137786, 376914, 136000]}, "dest_photo_space_incenter": [18349.734532179922, 1022.264146254302], "dest_rotation": -4.778642440548465, "solution_x": 31, "solution_y": 1}