{"photo_space_origin": [1282.0, 1022.0], "photo_space_incenter": [1766.0, 1536.0], "robot_state": {"photo_at_motor_position": [362128, 448466, 136000]}, "dest_photo_space_incenter": [4995.673091291543, 5491.335669253944], "dest_rotation": -0.0178575542741215, "solution_x": 8, "solution_y": 7}