{"photo_space_origin": [1554.0, 1128.0], "photo_space_incenter": [1936.0, 1518.0], "robot_state": {"photo_at_motor_position": [108524, 435050, 136000]}, "dest_photo_space_incenter": [11374.242005432749, 1758.05241896071], "dest_rotation": -2.5945327340463145, "solution_x": 19, "solution_y": 2}