{"photo_space_origin": [1401.0, 850.0], "photo_space_incenter": [1780.0, 1186.0], "robot_state": {"photo_at_motor_position": [284096, 528962, 136000]}, "dest_photo_space_incenter": [7834.8569541138995, 9395.72880501794], "dest_rotation": -7.837106610167614, "solution_x": 13, "solution_y": 13}