{"photo_space_origin": [1614.0, 978.0], "photo_space_incenter": [2108.0, 1270.0], "robot_state": {"photo_at_motor_position": [342620, 569210, 136000]}, "dest_photo_space_incenter": [10785.299984872496, 14160.504196603404], "dest_rotation": -7.302262453864678, "solution_x": 18, "solution_y": 20}