{"photo_space_origin": [1079.0, 1110.0], "photo_space_incenter": [1755.0, 1544.0], "robot_state": {"photo_at_motor_position": [352374, 430578, 136000]}, "dest_photo_space_incenter": [18911.444304045355, 10054.191845036641], "dest_rotation": -1.9599430946940801, "solution_x": 32, "solution_y": 14}