{"photo_space_origin": [1628.0, 1070.0], "photo_space_incenter": [1913.0, 1422.0], "robot_state": {"photo_at_motor_position": [176802, 569210, 136000]}, "dest_photo_space_incenter": [14245.359743906953, 7474.036245783984], "dest_rotation": -6.157117029467929, "solution_x": 24, "solution_y": 10}