{"photo_space_origin": [1037.0, 868.0], "photo_space_incenter": [1494.0, 1222.0], "robot_state": {"photo_at_motor_position": [137786, 408218, 136000]}, "dest_photo_space_incenter": [12022.321904482771, 1214.4897625864533], "dest_rotation": -3.9101068680556232, "solution_x": 20, "solution_y": 1}