{"photo_space_origin": [1935.0, 827.0], "photo_space_incenter": [2357.0, 1352.0], "robot_state": {"photo_at_motor_position": [245080, 493186, 136000]}, "dest_photo_space_incenter": [21484.46160534743, 15596.178118595728], "dest_rotation": -6.205545898467255, "solution_x": 36, "solution_y": 22}