{"photo_space_origin": [1301.0, 879.0], "photo_space_incenter": [1742.0, 1339.0], "robot_state": {"photo_at_motor_position": [352374, 448466, 136000]}, "dest_photo_space_incenter": [5626.833528657283, 5499.561044959414], "dest_rotation": -3.011320265707259, "solution_x": 9, "solution_y": 7}