{"photo_space_origin": [1985.0, 895.0], "photo_space_incenter": [2425.0, 1319.0], "robot_state": {"photo_at_motor_position": [137786, 457410, 136000]}, "dest_photo_space_incenter": [1478.297693643177, 14358.21850346712], "dest_rotation": -6.135426820083755, "solution_x": 2, "solution_y": 20}