{"photo_space_origin": [1157.0, 840.0], "photo_space_incenter": [1504.0, 1372.0], "robot_state": {"photo_at_motor_position": [167048, 582626, 136000]}, "dest_photo_space_incenter": [13042.593776736736, 10817.524889155733], "dest_rotation": 2.84278478300362, "solution_x": 22, "solution_y": 15}