{"photo_space_origin": [1932.0, 945.0], "photo_space_incenter": [2322.0, 1314.0], "robot_state": {"photo_at_motor_position": [293850, 533434, 136000]}, "dest_photo_space_incenter": [18914.876197860867, 8765.797846579915], "dest_rotation": -1.4666710611489497, "solution_x": 32, "solution_y": 12}