{"photo_space_origin": [1090.0, 969.0], "photo_space_incenter": [1545.0, 1570.0], "robot_state": {"photo_at_motor_position": [206064, 484242, 136000]}, "dest_photo_space_incenter": [21786.388390858345, 3653.4247917421694], "dest_rotation": -4.031254660095744, "solution_x": 37, "solution_y": 5}