{"photo_space_origin": [1174.0, 1063.0], "photo_space_incenter": [1893.0, 1555.0], "robot_state": {"photo_at_motor_position": [225572, 479770, 136000]}, "dest_photo_space_incenter": [1922.3960420679664, 2546.758076409276], "dest_rotation": -5.017658618753825, "solution_x": 3, "solution_y": 3}