{"photo_space_origin": [1442.0, 864.0], "photo_space_incenter": [2058.0, 1174.0], "robot_state": {"photo_at_motor_position": [225572, 354554, 136000]}, "dest_photo_space_incenter": [21339.007929700972, 4699.403538599599], "dest_rotation": -4.47873152088532, "solution_x": 36, "solution_y": 6}