{"photo_space_origin": [1297.0, 833.0], "photo_space_incenter": [1763.0, 1310.0], "robot_state": {"photo_at_motor_position": [274342, 506602, 136000]}, "dest_photo_space_incenter": [4917.879736951899, 6697.035219296959], "dest_rotation": -3.690039943222521, "solution_x": 8, "solution_y": 9}