{"photo_space_origin": [1998.0, 1190.0], "photo_space_incenter": [2465.0, 1639.0], "robot_state": {"photo_at_motor_position": [342620, 475298, 136000]}, "dest_photo_space_incenter": [19656.077484238624, 11494.591669155383], "dest_rotation": 0.5182348612035081, "solution_x": 33, "solution_y": 16}