{"photo_space_origin": [1408.0, 823.0], "photo_space_incenter": [1878.0, 1343.0], "robot_state": {"photo_at_motor_position": [254834, 390330, 136000]}, "dest_photo_space_incenter": [19762.423793376336, 14985.274902971812], "dest_rotation": -5.936635945468639, "solution_x": 33, "solution_y": 21}