{"photo_space_origin": [1846.0, 958.0], "photo_space_incenter": [2351.0, 1365.0], "robot_state": {"photo_at_motor_position": [157294, 564738, 136000]}, "dest_photo_space_incenter": [8995.714902225911, 12940.441692588383], "dest_rotation": -8.80798115544887, "solution_x": 15, "solution_y": 18}