{"photo_space_origin": [1895.0, 1256.0], "photo_space_incenter": [2244.0, 1699.0], "robot_state": {"photo_at_motor_position": [128032, 484242, 136000]}, "dest_photo_space_incenter": [7297.3800701716345, 16585.259478312862], "dest_rotation": -1.3602321302188924, "solution_x": 12, "solution_y": 23}