{"photo_space_origin": [1381.0, 894.0], "photo_space_incenter": [1892.0, 1226.0], "robot_state": {"photo_at_motor_position": [128032, 488714, 136000]}, "dest_photo_space_incenter": [9230.732377750406, 15803.814645738592], "dest_rotation": -5.085670953942877, "solution_x": 15, "solution_y": 22}