{"photo_space_origin": [1638.0, 888.0], "photo_space_incenter": [2002.0, 1263.0], "robot_state": {"photo_at_motor_position": [137786, 515546, 136000]}, "dest_photo_space_incenter": [231.60649445321906, 17175.940779198023], "dest_rotation": -8.494242575897173, "solution_x": 0, "solution_y": 24}