{"photo_space_origin": [1764.0, 927.0], "photo_space_incenter": [2068.0, 1288.0], "robot_state": {"photo_at_motor_position": [235326, 511074, 136000]}, "dest_photo_space_incenter": [864.4763364200011, 15127.332073876716], "dest_rotation": -7.6109889925101015, "solution_x": 1, "solution_y": 21}