{"photo_space_origin": [1281.0, 867.0], "photo_space_incenter": [1759.0, 1264.0], "robot_state": {"photo_at_motor_position": [128032, 430578, 136000]}, "dest_photo_space_incenter": [1548.3574500453014, 11589.35759288226], "dest_rotation": -5.942955896021869, "solution_x": 2, "solution_y": 16}