{"photo_space_origin": [1794.0, 1047.0], "photo_space_incenter": [2336.0, 1561.0], "robot_state": {"photo_at_motor_position": [245080, 443994, 136000]}, "dest_photo_space_incenter": [22520.201674133732, 16416.38404876912], "dest_rotation": -2.6354223672440114, "solution_x": 38, "solution_y": 23}