{"photo_space_origin": [1478.0, 977.0], "photo_space_incenter": [2222.0, 1252.0], "robot_state": {"photo_at_motor_position": [157294, 546850, 136000]}, "dest_photo_space_incenter": [14897.840746554397, 16609.648041916545], "dest_rotation": 1.7769504397377363, "solution_x": 25, "solution_y": 23}