{"photo_space_origin": [1664.0, 886.0], "photo_space_incenter": [2041.0, 1532.0], "robot_state": {"photo_at_motor_position": [303604, 399274, 136000]}, "dest_photo_space_incenter": [13703.926131140539, 6631.28068613287], "dest_rotation": -3.175905335811028, "solution_x": 23, "solution_y": 9}