{"photo_space_origin": [982.0, 1122.0], "photo_space_incenter": [1414.0, 1550.0], "robot_state": {"photo_at_motor_position": [352374, 439522, 136000]}, "dest_photo_space_incenter": [3856.7493086995655, 9452.316258026247], "dest_rotation": -2.316429659265522, "solution_x": 6, "solution_y": 13}