{"photo_space_origin": [1684.0, 730.0], "photo_space_incenter": [2223.0, 1158.0], "robot_state": {"photo_at_motor_position": [108524, 546850, 136000]}, "dest_photo_space_incenter": [10275.07539598098, 3029.239707318802], "dest_rotation": -0.23450077789397117, "solution_x": 17, "solution_y": 4}