{"photo_space_origin": [1505.0, 1142.0], "photo_space_incenter": [2064.0, 1755.0], "robot_state": {"photo_at_motor_position": [362128, 484242, 136000]}, "dest_photo_space_incenter": [16182.336955552668, 10514.069547177774], "dest_rotation": -5.72213781514088, "solution_x": 27, "solution_y": 14}