{"photo_space_origin": [1444.0, 1160.0], "photo_space_incenter": [1901.0, 1614.0], "robot_state": {"photo_at_motor_position": [371882, 385858, 136000]}, "dest_photo_space_incenter": [16738.798836905597, 6065.109714338833], "dest_rotation": -6.048024579149372, "solution_x": 28, "solution_y": 8}