{"photo_space_origin": [1633.0, 1230.0], "photo_space_incenter": [1984.0, 1612.0], "robot_state": {"photo_at_motor_position": [371882, 394802, 136000]}, "dest_photo_space_incenter": [13708.970567436265, 6085.872840741566], "dest_rotation": -1.272862825162742, "solution_x": 23, "solution_y": 8}