{"photo_space_origin": [1118.0, 1156.0], "photo_space_incenter": [1513.0, 1685.0], "robot_state": {"photo_at_motor_position": [157294, 350082, 136000]}, "dest_photo_space_incenter": [16069.39772359881, 1740.8075870633684], "dest_rotation": -3.0571345398404146, "solution_x": 27, "solution_y": 2}