{"photo_space_origin": [1427.0, 1233.0], "photo_space_incenter": [1794.0, 1604.0], "robot_state": {"photo_at_motor_position": [332866, 511074, 136000]}, "dest_photo_space_incenter": [15417.347240221152, 10963.488008422515], "dest_rotation": -7.145979566964988, "solution_x": 26, "solution_y": 15}