{"photo_space_origin": [1939.0, 1239.0], "photo_space_incenter": [2431.0, 1576.0], "robot_state": {"photo_at_motor_position": [196310, 515546, 136000]}, "dest_photo_space_incenter": [6704.672809919132, 15025.529987668595], "dest_rotation": -7.008896929918999, "solution_x": 11, "solution_y": 21}