{"photo_space_origin": [1198.0, 1284.0], "photo_space_incenter": [1721.0, 1705.0], "robot_state": {"photo_at_motor_position": [59754, 497658, 136000]}, "dest_photo_space_incenter": [20377.842547601824, 11498.39102306065], "dest_rotation": -0.0702766028135624, "solution_x": 34, "solution_y": 16}