{"photo_space_origin": [1354.0, 1049.0], "photo_space_incenter": [1778.0, 1669.0], "robot_state": {"photo_at_motor_position": [235326, 376914, 136000]}, "dest_photo_space_incenter": [23184.46875, 3941.5649748095348], "dest_rotation": -0.12163325935268432, "solution_x": 39, "solution_y": 5}