{"photo_space_origin": [1760.0, 961.0], "photo_space_incenter": [2179.0, 1352.0], "robot_state": {"photo_at_motor_position": [69508, 363498, 136000]}, "dest_photo_space_incenter": [7420.0909146948225, 8560.428780046921], "dest_rotation": -4.472732525013827, "solution_x": 12, "solution_y": 12}