{"photo_space_origin": [1041.0, 1201.0], "photo_space_incenter": [1543.0, 1646.0], "robot_state": {"photo_at_motor_position": [98770, 564738, 136000]}, "dest_photo_space_incenter": [12023.849477311076, 13632.881241395968], "dest_rotation": -5.898093708875806, "solution_x": 20, "solution_y": 19}