{"photo_space_origin": [1131.0, 1219.0], "photo_space_incenter": [1594.0, 1697.0], "robot_state": {"photo_at_motor_position": [69508, 578154, 136000]}, "dest_photo_space_incenter": [6304.482136164297, 4548.114817060148], "dest_rotation": -1.3875655024714162, "solution_x": 10, "solution_y": 6}