{"photo_space_origin": [1167.0, 1127.0], "photo_space_incenter": [1539.0, 1502.0], "robot_state": {"photo_at_motor_position": [59754, 546850, 136000]}, "dest_photo_space_incenter": [5081.788705025905, 13092.001261621663], "dest_rotation": -7.693166005999952, "solution_x": 8, "solution_y": 18}