{"photo_space_origin": [1842.0, 1049.0], "photo_space_incenter": [2255.0, 1453.0], "robot_state": {"photo_at_motor_position": [342620, 533434, 136000]}, "dest_photo_space_incenter": [10297.2647637728, 7923.886702429962], "dest_rotation": -1.607503675347753, "solution_x": 17, "solution_y": 11}