{"photo_space_origin": [1528.0, 1079.0], "photo_space_incenter": [1937.0, 1481.0], "robot_state": {"photo_at_motor_position": [381636, 367970, 136000]}, "dest_photo_space_incenter": [1941.9412605219547, 6639.18273162988], "dest_rotation": -4.543677685596311, "solution_x": 3, "solution_y": 9}