{"photo_space_origin": [1526.0, 1212.0], "photo_space_incenter": [2142.0, 1646.0], "robot_state": {"photo_at_motor_position": [274342, 488714, 136000]}, "dest_photo_space_incenter": [20814.90974167983, 17169.731641476203], "dest_rotation": -5.201625152917279, "solution_x": 35, "solution_y": 24}