{"photo_space_origin": [1032.0, 1044.0], "photo_space_incenter": [1617.0, 1385.0], "robot_state": {"photo_at_motor_position": [323112, 528962, 136000]}, "dest_photo_space_incenter": [3123.4036152084077, 4444.756644123377], "dest_rotation": -7.298595407598829, "solution_x": 5, "solution_y": 6}