{"photo_space_origin": [1349.0, 1177.0], "photo_space_incenter": [1813.0, 1735.0], "robot_state": {"photo_at_motor_position": [108524, 403746, 136000]}, "dest_photo_space_incenter": [17800.0, 217.900653722696], "dest_rotation": -2.812108761390608, "solution_x": 30, "solution_y": 0}