{"photo_space_origin": [1364.0, 1072.0], "photo_space_incenter": [1861.0, 1461.0], "robot_state": {"photo_at_motor_position": [381636, 359026, 136000]}, "dest_photo_space_incenter": [3052.732468796591, 5971.851310346365], "dest_rotation": -7.815703483221539, "solution_x": 5, "solution_y": 8}