{"photo_space_origin": [1550.0, 1196.0], "photo_space_incenter": [1808.0, 1732.0], "robot_state": {"photo_at_motor_position": [225572, 587098, 136000]}, "dest_photo_space_incenter": [11794.54678669169, 4006.782833323909], "dest_rotation": -0.464408902473354, "solution_x": 20, "solution_y": 5}