{"photo_space_origin": [1117.0, 960.0], "photo_space_incenter": [1557.0, 1469.0], "robot_state": {"photo_at_motor_position": [245080, 533434, 136000]}, "dest_photo_space_incenter": [9675.100369587315, 10736.499420520402], "dest_rotation": -4.3021487371145115, "solution_x": 16, "solution_y": 15}