{"photo_space_origin": [1446.0, 1173.0], "photo_space_incenter": [1844.0, 1653.0], "robot_state": {"photo_at_motor_position": [391390, 403746, 136000]}, "dest_photo_space_incenter": [8497.43121266969, 7099.532590526662], "dest_rotation": -2.9671733272021243, "solution_x": 14, "solution_y": 10}