{"photo_space_origin": [1456.0, 917.0], "photo_space_incenter": [1810.0, 1527.0], "robot_state": {"photo_at_motor_position": [89016, 528962, 136000]}, "dest_photo_space_incenter": [20835.86779850287, 11335.787373639105], "dest_rotation": -3.098743161571271, "solution_x": 35, "solution_y": 16}