{"photo_space_origin": [1720.0, 1339.0], "photo_space_incenter": [2312.0, 1624.0], "robot_state": {"photo_at_motor_position": [79262, 578154, 136000]}, "dest_photo_space_incenter": [18373.11035367031, 6488.978234671204], "dest_rotation": -1.0705921033617152, "solution_x": 31, "solution_y": 9}