{"photo_space_origin": [1081.0, 1025.0], "photo_space_incenter": [1482.0, 1451.0], "robot_state": {"photo_at_motor_position": [332866, 408218, 136000]}, "dest_photo_space_incenter": [4321.832779373866, 14339.210540235767], "dest_rotation": -5.8017410290042, "solution_x": 7, "solution_y": 20}