{"photo_space_origin": [1405.0, 866.0], "photo_space_incenter": [1728.0, 1375.0], "robot_state": {"photo_at_motor_position": [332866, 359026, 136000]}, "dest_photo_space_incenter": [18330.691470564874, 3245.3471368557225], "dest_rotation": -4.73738669581193, "solution_x": 31, "solution_y": 4}