{"photo_space_origin": [1695.0, 1079.0], "photo_space_incenter": [2134.0, 1487.0], "robot_state": {"photo_at_motor_position": [118278, 417162, 136000]}, "dest_photo_space_incenter": [8401.601886897302, 1036.6176937166015], "dest_rotation": -2.583535241154749, "solution_x": 14, "solution_y": 1}