{"photo_space_origin": [1571.0, 871.0], "photo_space_incenter": [1956.0, 1347.0], "robot_state": {"photo_at_motor_position": [323112, 546850, 136000]}, "dest_photo_space_incenter": [7733.558520127046, 11450.2626272378], "dest_rotation": 0.12498772002071679, "solution_x": 13, "solution_y": 16}