{"photo_space_origin": [1904.0, 1098.0], "photo_space_incenter": [2249.0, 1543.0], "robot_state": {"photo_at_motor_position": [215818, 439522, 136000]}, "dest_photo_space_incenter": [1449.828731350233, 1148.5734631996706], "dest_rotation": -2.1277566261765215, "solution_x": 2, "solution_y": 1}