{"photo_space_origin": [1228.0, 885.0], "photo_space_incenter": [1488.0, 1353.0], "robot_state": {"photo_at_motor_position": [196310, 497658, 136000]}, "dest_photo_space_incenter": [747.6440239395952, 6184.424347471299], "dest_rotation": -7.341007444757418, "solution_x": 1, "solution_y": 8}