{"photo_space_origin": [1604.0, 843.0], "photo_space_incenter": [1977.0, 1367.0], "robot_state": {"photo_at_motor_position": [196310, 430578, 136000]}, "dest_photo_space_incenter": [19585.55863304498, 1102.8036182789124], "dest_rotation": -5.84121600933179, "solution_x": 33, "solution_y": 1}