{"photo_space_origin": [1512.0, 1038.0], "photo_space_incenter": [1799.0, 1438.0], "robot_state": {"photo_at_motor_position": [128032, 350082, 136000]}, "dest_photo_space_incenter": [14867.080834880147, 1703.172056012262], "dest_rotation": -6.004202757372788, "solution_x": 25, "solution_y": 2}