{"photo_space_origin": [1302.0, 768.0], "photo_space_incenter": [1774.0, 1258.0], "robot_state": {"photo_at_motor_position": [186556, 470826, 136000]}, "dest_photo_space_incenter": [4948.5, 370.51171875], "dest_rotation": -1.7963157487301078, "solution_x": 8, "solution_y": 0}