{"photo_space_origin": [1949.0, 910.0], "photo_space_incenter": [2263.0, 1415.0], "robot_state": {"photo_at_motor_position": [264588, 448466, 136000]}, "dest_photo_space_incenter": [19577.98459647206, 15570.070636874665], "dest_rotation": 0.6333408285416184, "solution_x": 33, "solution_y": 22}