{"photo_space_origin": [1330.0, 852.0], "photo_space_incenter": [1834.0, 1167.0], "robot_state": {"photo_at_motor_position": [147540, 385858, 136000]}, "dest_photo_space_incenter": [19074.5, 212.475163430674], "dest_rotation": -0.8264347153540972, "solution_x": 32, "solution_y": 0}