{"photo_space_origin": [1922.0, 913.0], "photo_space_incenter": [2386.0, 1659.0], "robot_state": {"photo_at_motor_position": [235326, 560266, 136000]}, "dest_photo_space_incenter": [4966.917826742394, 3634.6570657325374], "dest_rotation": -2.8467588065554197, "solution_x": 8, "solution_y": 5}