{"photo_space_origin": [1084.0, 993.0], "photo_space_incenter": [1487.0, 1329.0], "robot_state": {"photo_at_motor_position": [215818, 466354, 136000]}, "dest_photo_space_incenter": [3236.666091418779, 1093.837307899959], "dest_rotation": -4.582231536219812, "solution_x": 5, "solution_y": 1}