{"photo_space_origin": [1284.0, 856.0], "photo_space_incenter": [1826.0, 1242.0], "robot_state": {"photo_at_motor_position": [225572, 452938, 136000]}, "dest_photo_space_incenter": [248.81492540093217, 925.293852798682], "dest_rotation": -1.9550265480520754, "solution_x": 0, "solution_y": 1}