{"photo_space_origin": [1820.0, 1189.0], "photo_space_incenter": [2178.0, 1574.0], "robot_state": {"photo_at_motor_position": [79262, 542378, 136000]}, "dest_photo_space_incenter": [6199.970306305571, 3954.443213455411], "dest_rotation": -2.753932350558014, "solution_x": 10, "solution_y": 5}