{"photo_space_origin": [1660.0, 835.0], "photo_space_incenter": [2103.0, 1304.0], "robot_state": {"photo_at_motor_position": [352374, 381386, 136000]}, "dest_photo_space_incenter": [20844.004149546672, 8089.759474611775], "dest_rotation": -4.33702835545275, "solution_x": 35, "solution_y": 11}