{"photo_space_origin": [1156.0, 1181.0], "photo_space_incenter": [1548.0, 1459.0], "robot_state": {"photo_at_motor_position": [274342, 394802, 136000]}, "dest_photo_space_incenter": [20200.90974167983, 17224.148308142867], "dest_rotation": -3.2752449009069866, "solution_x": 34, "solution_y": 24}