{"photo_space_origin": [1450.0, 1048.0], "photo_space_incenter": [1904.0, 1526.0], "robot_state": {"photo_at_motor_position": [293850, 421634, 136000]}, "dest_photo_space_incenter": [22573.851527194383, 9366.495910063331], "dest_rotation": -3.5422026566605442, "solution_x": 38, "solution_y": 13}