{"photo_space_origin": [1093.0, 1186.0], "photo_space_incenter": [1459.0, 1569.0], "robot_state": {"photo_at_motor_position": [147540, 542378, 136000]}, "dest_photo_space_incenter": [15604.909741679829, 17224.961784705367], "dest_rotation": -8.954594497122642, "solution_x": 26, "solution_y": 24}