{"photo_space_origin": [1415.0, 1130.0], "photo_space_incenter": [1939.0, 1609.0], "robot_state": {"photo_at_motor_position": [284096, 359026, 136000]}, "dest_photo_space_incenter": [21906.703714898627, 8808.459332655904], "dest_rotation": -4.298309091256449, "solution_x": 37, "solution_y": 12}