{"photo_space_origin": [1276.0, 886.0], "photo_space_incenter": [1635.0, 1276.0], "robot_state": {"photo_at_motor_position": [137786, 506602, 136000]}, "dest_photo_space_incenter": [2548.5003252292227, 14991.0668939549], "dest_rotation": 0.45153734195372985, "solution_x": 4, "solution_y": 21}