{"photo_space_origin": [1749.0, 1181.0], "photo_space_incenter": [2213.0, 1598.0], "robot_state": {"photo_at_motor_position": [98770, 394802, 136000]}, "dest_photo_space_incenter": [17210.787559619395, 1888.7568474763098], "dest_rotation": -3.0088136362163693, "solution_x": 29, "solution_y": 2}