{"photo_space_origin": [1401.0, 802.0], "photo_space_incenter": [1705.0, 1151.0], "robot_state": {"photo_at_motor_position": [264588, 511074, 136000]}, "dest_photo_space_incenter": [11403.882133706744, 11069.759964029816], "dest_rotation": -8.4338491688939, "solution_x": 19, "solution_y": 15}