{"photo_space_origin": [1951.0, 889.0], "photo_space_incenter": [2541.0, 1290.0], "robot_state": {"photo_at_motor_position": [147540, 569210, 136000]}, "dest_photo_space_incenter": [15456.565028230943, 3786.905077056257], "dest_rotation": -1.94631526750319, "solution_x": 26, "solution_y": 5}