{"photo_space_origin": [1712.0, 1107.0], "photo_space_incenter": [2079.0, 1715.0], "robot_state": {"photo_at_motor_position": [118278, 350082, 136000]}, "dest_photo_space_incenter": [21484.67407130647, 6724.529697257445], "dest_rotation": -0.08591932884123477, "solution_x": 36, "solution_y": 9}