{"photo_space_origin": [1491.0, 1230.0], "photo_space_incenter": [1949.0, 1690.0], "robot_state": {"photo_at_motor_position": [176802, 502130, 136000]}, "dest_photo_space_incenter": [2602.8321828375583, 1167.5808657999178], "dest_rotation": -1.5226029148809528, "solution_x": 4, "solution_y": 1}