{"photo_space_origin": [1700.0, 905.0], "photo_space_incenter": [2069.0, 1321.0], "robot_state": {"photo_at_motor_position": [167048, 546850, 136000]}, "dest_photo_space_incenter": [14876.909741679829, 17216.763379757453], "dest_rotation": -7.196150296001006, "solution_x": 25, "solution_y": 24}