{"photo_space_origin": [1575.0, 1218.0], "photo_space_incenter": [2005.0, 1638.0], "robot_state": {"photo_at_motor_position": [381636, 511074, 136000]}, "dest_photo_space_incenter": [7996.102383123667, 13750.648162936799], "dest_rotation": -3.210629771838877, "solution_x": 13, "solution_y": 19}