{"photo_space_origin": [1721.0, 962.0], "photo_space_incenter": [2208.0, 1422.0], "robot_state": {"photo_at_motor_position": [137786, 448466, 136000]}, "dest_photo_space_incenter": [217.1164192447451, 4517.440779198023], "dest_rotation": -3.0032734012507696, "solution_x": 0, "solution_y": 6}