{"photo_space_origin": [1792.0, 1080.0], "photo_space_incenter": [2370.0, 1530.0], "robot_state": {"photo_at_motor_position": [235326, 367970, 136000]}, "dest_photo_space_incenter": [21398.064079240503, 5348.569161942673], "dest_rotation": 0.5125710579059075, "solution_x": 36, "solution_y": 7}