{"photo_space_origin": [1132.0, 798.0], "photo_space_incenter": [1567.0, 1237.0], "robot_state": {"photo_at_motor_position": [342620, 403746, 136000]}, "dest_photo_space_incenter": [18382.95207664669, 5178.46336637448], "dest_rotation": -0.15071021522469152, "solution_x": 31, "solution_y": 7}