{"photo_space_origin": [1930.0, 1111.0], "photo_space_incenter": [2415.0, 1673.0], "robot_state": {"photo_at_motor_position": [89016, 484242, 136000]}, "dest_photo_space_incenter": [16014.082969780764, 15826.509622469674], "dest_rotation": 0.8417175741749001, "solution_x": 27, "solution_y": 22}