{"photo_space_origin": [1429.0, 1172.0], "photo_space_incenter": [1867.0, 1630.0], "robot_state": {"photo_at_motor_position": [342620, 555794, 136000]}, "dest_photo_space_incenter": [18455.246166973127, 9537.474272759879], "dest_rotation": 1.4604139935933649, "solution_x": 31, "solution_y": 13}