{"photo_space_origin": [1451.0, 1038.0], "photo_space_incenter": [1970.0, 1438.0], "robot_state": {"photo_at_motor_position": [381636, 587098, 136000]}, "dest_photo_space_incenter": [3912.9628739102236, 10853.563747441965], "dest_rotation": -4.860832324998144, "solution_x": 6, "solution_y": 15}