{"photo_space_origin": [1647.0, 1195.0], "photo_space_incenter": [2132.0, 1625.0], "robot_state": {"photo_at_motor_position": [381636, 493186, 136000]}, "dest_photo_space_incenter": [2559.320868477656, 6520.3962213081895], "dest_rotation": -6.638935991838315, "solution_x": 4, "solution_y": 9}