{"photo_space_origin": [1075.0, 1101.0], "photo_space_incenter": [1572.0, 1677.0], "robot_state": {"photo_at_motor_position": [313358, 578154, 136000]}, "dest_photo_space_incenter": [5380.34609769747, 8711.854548808682], "dest_rotation": -5.294227542826228, "solution_x": 9, "solution_y": 12}