{"photo_space_origin": [1769.0, 930.0], "photo_space_incenter": [2223.0, 1371.0], "robot_state": {"photo_at_motor_position": [362128, 435050, 136000]}, "dest_photo_space_incenter": [20953.039132744063, 12939.684498353748], "dest_rotation": -3.8356238193731427, "solution_x": 35, "solution_y": 18}