{"photo_space_origin": [1313.0, 1106.0], "photo_space_incenter": [1893.0, 1370.0], "robot_state": {"photo_at_motor_position": [59754, 372442, 136000]}, "dest_photo_space_incenter": [13938.18241701796, 4652.3265175385895], "dest_rotation": -4.74309077807761, "solution_x": 23, "solution_y": 6}