{"photo_space_origin": [1710.0, 831.0], "photo_space_incenter": [2131.0, 1304.0], "robot_state": {"photo_at_motor_position": [371882, 363498, 136000]}, "dest_photo_space_incenter": [17803.78219289966, 8867.566912346978], "dest_rotation": -2.565966737100603, "solution_x": 30, "solution_y": 12}