{"photo_space_origin": [1562.0, 900.0], "photo_space_incenter": [1929.0, 1289.0], "robot_state": {"photo_at_motor_position": [332866, 488714, 136000]}, "dest_photo_space_incenter": [3290.0435873002552, 10866.040867518037], "dest_rotation": -2.8994793426779526, "solution_x": 5, "solution_y": 15}