{"photo_space_origin": [1086.0, 842.0], "photo_space_incenter": [1529.0, 1327.0], "robot_state": {"photo_at_motor_position": [69508, 443994, 136000]}, "dest_photo_space_incenter": [17789.24239846124, 10951.436493051226], "dest_rotation": -4.461899571454397, "solution_x": 30, "solution_y": 15}