{"photo_space_origin": [1394.0, 983.0], "photo_space_incenter": [1920.0, 1483.0], "robot_state": {"photo_at_motor_position": [215818, 448466, 136000]}, "dest_photo_space_incenter": [12646.471453599574, 1804.291662538493], "dest_rotation": -0.817721968405889, "solution_x": 21, "solution_y": 2}