{"photo_space_origin": [1472.0, 1041.0], "photo_space_incenter": [2002.0, 1445.0], "robot_state": {"photo_at_motor_position": [391390, 555794, 136000]}, "dest_photo_space_incenter": [20886.426781542435, 5815.113216803231], "dest_rotation": -0.8124317017245599, "solution_x": 35, "solution_y": 8}