{"photo_space_origin": [1903.0, 965.0], "photo_space_incenter": [2281.0, 1248.0], "robot_state": {"photo_at_motor_position": [206064, 573682, 136000]}, "dest_photo_space_incenter": [14977.348943736251, 4435.414235843977], "dest_rotation": -4.958377909304918, "solution_x": 25, "solution_y": 6}