{"photo_space_origin": [1883.0, 1016.0], "photo_space_incenter": [2431.0, 1535.0], "robot_state": {"photo_at_motor_position": [59754, 363498, 136000]}, "dest_photo_space_incenter": [12396.526455571742, 6777.547263741837], "dest_rotation": -4.345857965150943, "solution_x": 21, "solution_y": 9}