{"photo_space_origin": [1896.0, 1089.0], "photo_space_incenter": [2174.0, 1486.0], "robot_state": {"photo_at_motor_position": [118278, 448466, 136000]}, "dest_photo_space_incenter": [4860.909741679829, 17229.873859990235], "dest_rotation": -7.99749681014374, "solution_x": 8, "solution_y": 24}