{"photo_space_origin": [1046.0, 836.0], "photo_space_incenter": [1460.0, 1380.0], "robot_state": {"photo_at_motor_position": [196310, 524490, 136000]}, "dest_photo_space_incenter": [1899.1355037849837, 15229.688886660697], "dest_rotation": -5.978854593334722, "solution_x": 3, "solution_y": 21}