{"photo_space_origin": [1841.0, 1042.0], "photo_space_incenter": [2316.0, 1540.0], "robot_state": {"photo_at_motor_position": [157294, 421634, 136000]}, "dest_photo_space_incenter": [276.72541583184244, 8029.440779198023], "dest_rotation": -2.9212953393342254, "solution_x": 0, "solution_y": 11}