{"photo_space_origin": [1991.0, 1033.0], "photo_space_incenter": [2348.0, 1532.0], "robot_state": {"photo_at_motor_position": [89016, 443994, 136000]}, "dest_photo_space_incenter": [19614.0, 439.237581715337], "dest_rotation": -0.5733377124878278, "solution_x": 33, "solution_y": 0}