{"photo_space_origin": [1550.0, 967.0], "photo_space_incenter": [1975.0, 1339.0], "robot_state": {"photo_at_motor_position": [245080, 551322, 136000]}, "dest_photo_space_incenter": [1930.8089831883462, 7996.41653839264], "dest_rotation": -6.685723690792274, "solution_x": 3, "solution_y": 11}