{"photo_space_origin": [1136.0, 1215.0], "photo_space_incenter": [1490.0, 1614.0], "robot_state": {"photo_at_motor_position": [128032, 542378, 136000]}, "dest_photo_space_incenter": [10655.669508177429, 8684.824738958132], "dest_rotation": -0.5011266784283359, "solution_x": 18, "solution_y": 12}