{"photo_space_origin": [1232.0, 951.0], "photo_space_incenter": [1688.0, 1470.0], "robot_state": {"photo_at_motor_position": [293850, 350082, 136000]}, "dest_photo_space_incenter": [23141.40576171875, 7946.064974809535], "dest_rotation": -2.3357891595058065, "solution_x": 39, "solution_y": 11}