{"photo_space_origin": [1604.0, 951.0], "photo_space_incenter": [1965.0, 1483.0], "robot_state": {"photo_at_motor_position": [196310, 582626, 136000]}, "dest_photo_space_incenter": [17868.42970772282, 10405.176825725845], "dest_rotation": -1.1783147140488808, "solution_x": 30, "solution_y": 14}