{"photo_space_origin": [1834.0, 949.0], "photo_space_incenter": [2224.0, 1290.0], "robot_state": {"photo_at_motor_position": [89016, 354554, 136000]}, "dest_photo_space_incenter": [19475.96646864543, 4501.13625347797], "dest_rotation": -1.4960691659810392, "solution_x": 33, "solution_y": 6}