{"photo_space_origin": [1146.0, 747.0], "photo_space_incenter": [1496.0, 1434.0], "robot_state": {"photo_at_motor_position": [59754, 359026, 136000]}, "dest_photo_space_incenter": [11271.820092866388, 4396.643692382164], "dest_rotation": -3.3876731949884635, "solution_x": 19, "solution_y": 6}