{"photo_space_origin": [1337.0, 895.0], "photo_space_incenter": [1824.0, 1518.0], "robot_state": {"photo_at_motor_position": [323112, 359026, 136000]}, "dest_photo_space_incenter": [12515.46238098471, 14312.890026556934], "dest_rotation": -3.5085384343761064, "solution_x": 21, "solution_y": 20}