{"photo_space_origin": [1557.0, 980.0], "photo_space_incenter": [2122.0, 1453.0], "robot_state": {"photo_at_motor_position": [293850, 457410, 136000]}, "dest_photo_space_incenter": [23164.863220214844, 9992.064974809535], "dest_rotation": -1.9408763116141072, "solution_x": 39, "solution_y": 14}