{"photo_space_origin": [1431.0, 943.0], "photo_space_incenter": [1865.0, 1331.0], "robot_state": {"photo_at_motor_position": [254834, 350082, 136000]}, "dest_photo_space_incenter": [19102.977637212287, 14890.73314766461], "dest_rotation": -0.034575088205847315, "solution_x": 32, "solution_y": 21}