{"photo_space_origin": [1364.0, 996.0], "photo_space_incenter": [1846.0, 1379.0], "robot_state": {"photo_at_motor_position": [381636, 546850, 136000]}, "dest_photo_space_incenter": [19760.218114164258, 13421.644778628084], "dest_rotation": -0.137675607002556, "solution_x": 33, "solution_y": 19}