{"photo_space_origin": [1226.0, 883.0], "photo_space_incenter": [1622.0, 1239.0], "robot_state": {"photo_at_motor_position": [215818, 408218, 136000]}, "dest_photo_space_incenter": [880.8117776849995, 10881.837518177377], "dest_rotation": -1.595630504252386, "solution_x": 1, "solution_y": 15}