{"photo_space_origin": [1818.0, 1212.0], "photo_space_incenter": [2185.0, 1428.0], "robot_state": {"photo_at_motor_position": [323112, 439522, 136000]}, "dest_photo_space_incenter": [22063.375726947146, 14097.712794496554], "dest_rotation": 1.3540500848795274, "solution_x": 37, "solution_y": 20}