{"photo_space_origin": [1803.0, 1254.0], "photo_space_incenter": [2445.0, 1689.0], "robot_state": {"photo_at_motor_position": [108524, 560266, 136000]}, "dest_photo_space_incenter": [9376.869243263278, 4663.786661188036], "dest_rotation": -3.3422822244350843, "solution_x": 16, "solution_y": 6}