{"photo_space_origin": [1065.0, 1097.0], "photo_space_incenter": [1507.0, 1634.0], "robot_state": {"photo_at_motor_position": [303604, 376914, 136000]}, "dest_photo_space_incenter": [16065.028772587371, 9442.341879658035], "dest_rotation": 2.3805236744248575, "solution_x": 27, "solution_y": 13}