{"photo_space_origin": [2087.0, 1141.0], "photo_space_incenter": [2298.0, 1530.0], "robot_state": {"photo_at_motor_position": [59754, 533434, 136000]}, "dest_photo_space_incenter": [5005.852809131497, 8924.236211935404], "dest_rotation": -3.06826397215596, "solution_x": 8, "solution_y": 12}