{"photo_space_origin": [1542.0, 846.0], "photo_space_incenter": [1932.0, 1270.0], "robot_state": {"photo_at_motor_position": [108524, 582626, 136000]}, "dest_photo_space_incenter": [7341.479938768798, 10145.35436694764], "dest_rotation": -2.2575530846419607, "solution_x": 12, "solution_y": 14}