{"photo_space_origin": [1321.0, 1058.0], "photo_space_incenter": [1760.0, 1463.0], "robot_state": {"photo_at_motor_position": [391390, 372442, 136000]}, "dest_photo_space_incenter": [13170.673919633397, 3313.3359849516437], "dest_rotation": -1.620373302172303, "solution_x": 22, "solution_y": 4}