{"photo_space_origin": [1950.0, 853.0], "photo_space_incenter": [2351.0, 1362.0], "robot_state": {"photo_at_motor_position": [274342, 466354, 136000]}, "dest_photo_space_incenter": [22532.357373704614, 10192.780442436433], "dest_rotation": -0.7107419690367109, "solution_x": 38, "solution_y": 14}