{"photo_space_origin": [1208.0, 1075.0], "photo_space_incenter": [1700.0, 1694.0], "robot_state": {"photo_at_motor_position": [186556, 394802, 136000]}, "dest_photo_space_incenter": [10319.5, 178.1552963256836], "dest_rotation": -2.3719507619358975, "solution_x": 17, "solution_y": 0}