{"photo_space_origin": [1242.0, 903.0], "photo_space_incenter": [1594.0, 1340.0], "robot_state": {"photo_at_motor_position": [323112, 426106, 136000]}, "dest_photo_space_incenter": [19225.511360608936, 13436.683316552397], "dest_rotation": -4.377890505165189, "solution_x": 32, "solution_y": 19}