{"photo_space_origin": [1238.0, 935.0], "photo_space_incenter": [1663.0, 1380.0], "robot_state": {"photo_at_motor_position": [284096, 426106, 136000]}, "dest_photo_space_incenter": [17785.10733250808, 15587.420091204156], "dest_rotation": 0.20040577454263842, "solution_x": 30, "solution_y": 22}