{"photo_space_origin": [1930.0, 950.0], "photo_space_incenter": [2480.0, 1389.0], "robot_state": {"photo_at_motor_position": [147540, 578154, 136000]}, "dest_photo_space_incenter": [11438.55156476497, 7556.92971146092], "dest_rotation": -5.1822897639884395, "solution_x": 19, "solution_y": 10}