{"photo_space_origin": [1608.0, 1137.0], "photo_space_incenter": [2057.0, 1456.0], "robot_state": {"photo_at_motor_position": [176802, 551322, 136000]}, "dest_photo_space_incenter": [11443.167824906759, 15794.452638170202], "dest_rotation": -3.492276464643477, "solution_x": 19, "solution_y": 22}