{"photo_space_origin": [1923.0, 1064.0], "photo_space_incenter": [2387.0, 1570.0], "robot_state": {"photo_at_motor_position": [186556, 350082, 136000]}, "dest_photo_space_incenter": [21842.028085725407, 1862.610410604016], "dest_rotation": -4.8279643790051345, "solution_x": 37, "solution_y": 2}