{"photo_space_origin": [1233.0, 863.0], "photo_space_incenter": [1816.0, 1293.0], "robot_state": {"photo_at_motor_position": [225572, 533434, 136000]}, "dest_photo_space_incenter": [12610.558310897184, 15168.912310193344], "dest_rotation": -5.492024376483601, "solution_x": 21, "solution_y": 21}