{"photo_space_origin": [1268.0, 1204.0], "photo_space_incenter": [1711.0, 1652.0], "robot_state": {"photo_at_motor_position": [371882, 466354, 136000]}, "dest_photo_space_incenter": [12025.98420114509, 7873.5436289890295], "dest_rotation": -1.802898592316945, "solution_x": 20, "solution_y": 11}