{"photo_space_origin": [1392.0, 1133.0], "photo_space_incenter": [1738.0, 1616.0], "robot_state": {"photo_at_motor_position": [167048, 484242, 136000]}, "dest_photo_space_incenter": [3661.4687079783216, 1619.2261254614477], "dest_rotation": -6.034591220785344, "solution_x": 6, "solution_y": 2}