{"photo_space_origin": [1962.0, 920.0], "photo_space_incenter": [2419.0, 1295.0], "robot_state": {"photo_at_motor_position": [274342, 551322, 136000]}, "dest_photo_space_incenter": [18496.135600138747, 12250.933150405475], "dest_rotation": -3.1551427384750044, "solution_x": 31, "solution_y": 17}