{"photo_space_origin": [1905.0, 1043.0], "photo_space_incenter": [2305.0, 1498.0], "robot_state": {"photo_at_motor_position": [196310, 350082, 136000]}, "dest_photo_space_incenter": [22543.802694094215, 1713.6203745872654], "dest_rotation": 0.003965873912354034, "solution_x": 38, "solution_y": 2}