{"photo_space_origin": [1664.0, 994.0], "photo_space_incenter": [2233.0, 1327.0], "robot_state": {"photo_at_motor_position": [98770, 448466, 136000]}, "dest_photo_space_incenter": [11943.28195495776, 1889.7710907735816], "dest_rotation": -4.035964426520153, "solution_x": 20, "solution_y": 2}