{"photo_space_origin": [1266.0, 1173.0], "photo_space_incenter": [1648.0, 1548.0], "robot_state": {"photo_at_motor_position": [128032, 466354, 136000]}, "dest_photo_space_incenter": [6181.40232380278, 16497.474141408173], "dest_rotation": -9.034718150974122, "solution_x": 10, "solution_y": 23}