{"photo_space_origin": [1179.0, 807.0], "photo_space_incenter": [1642.0, 1239.0], "robot_state": {"photo_at_motor_position": [342620, 359026, 136000]}, "dest_photo_space_incenter": [9722.564200077599, 13779.27926191529], "dest_rotation": 2.9820697362080644, "solution_x": 16, "solution_y": 19}