{"photo_space_origin": [1587.0, 907.0], "photo_space_incenter": [1934.0, 1318.0], "robot_state": {"photo_at_motor_position": [79262, 528962, 136000]}, "dest_photo_space_incenter": [13646.109175744039, 3919.0671843278833], "dest_rotation": -4.767195624332542, "solution_x": 23, "solution_y": 5}