{"photo_space_origin": [1137.0, 1114.0], "photo_space_incenter": [1572.0, 1501.0], "robot_state": {"photo_at_motor_position": [245080, 524490, 136000]}, "dest_photo_space_incenter": [22014.221031482586, 13542.865060001903], "dest_rotation": -3.7637613700378534, "solution_x": 37, "solution_y": 19}