{"photo_space_origin": [1298.0, 825.0], "photo_space_incenter": [1776.0, 1201.0], "robot_state": {"photo_at_motor_position": [137786, 426106, 136000]}, "dest_photo_space_incenter": [887.4027197061523, 8808.177871570442], "dest_rotation": -2.973585779978231, "solution_x": 1, "solution_y": 12}