{"photo_space_origin": [1243.0, 1311.0], "photo_space_incenter": [1681.0, 1588.0], "robot_state": {"photo_at_motor_position": [254834, 403746, 136000]}, "dest_photo_space_incenter": [21268.220505776568, 6005.1820030255385], "dest_rotation": -2.6486702580547963, "solution_x": 36, "solution_y": 8}