{"photo_space_origin": [1746.0, 1084.0], "photo_space_incenter": [2125.0, 1446.0], "robot_state": {"photo_at_motor_position": [371882, 479770, 136000]}, "dest_photo_space_incenter": [10853.851359788612, 5312.606244053173], "dest_rotation": -4.6099616960825305, "solution_x": 18, "solution_y": 7}