{"photo_space_origin": [1590.0, 985.0], "photo_space_incenter": [2012.0, 1787.0], "robot_state": {"photo_at_motor_position": [381636, 569210, 136000]}, "dest_photo_space_incenter": [7854.152222818439, 8482.772431686564], "dest_rotation": -3.656991776855428, "solution_x": 13, "solution_y": 12}