{"photo_space_origin": [1517.0, 1155.0], "photo_space_incenter": [2002.0, 1564.0], "robot_state": {"photo_at_motor_position": [118278, 475298, 136000]}, "dest_photo_space_incenter": [7784.681057681085, 15807.853155211613], "dest_rotation": 2.634010410075577, "solution_x": 13, "solution_y": 22}