{"photo_space_origin": [1721.0, 914.0], "photo_space_incenter": [2158.0, 1378.0], "robot_state": {"photo_at_motor_position": [225572, 363498, 136000]}, "dest_photo_space_incenter": [23203.123046875, 6750.064974809535], "dest_rotation": -1.7909044971101555, "solution_x": 39, "solution_y": 9}