{"photo_space_origin": [1931.0, 1128.0], "photo_space_incenter": [2305.0, 1525.0], "robot_state": {"photo_at_motor_position": [147540, 403746, 136000]}, "dest_photo_space_incenter": [248.85322647583155, 12846.940779198023], "dest_rotation": -5.176503224909256, "solution_x": 0, "solution_y": 18}