{"photo_space_origin": [1389.0, 1166.0], "photo_space_incenter": [1767.0, 1484.0], "robot_state": {"photo_at_motor_position": [303604, 564738, 136000]}, "dest_photo_space_incenter": [10186.802902065678, 8460.859522974315], "dest_rotation": -5.38832870268145, "solution_x": 17, "solution_y": 12}