{"photo_space_origin": [1711.0, 1001.0], "photo_space_incenter": [2223.0, 1396.0], "robot_state": {"photo_at_motor_position": [137786, 560266, 136000]}, "dest_photo_space_incenter": [14278.454043536709, 12159.56850376632], "dest_rotation": -8.616127439608887, "solution_x": 24, "solution_y": 17}