{"photo_space_origin": [1344.0, 1002.0], "photo_space_incenter": [1670.0, 1363.0], "robot_state": {"photo_at_motor_position": [323112, 367970, 136000]}, "dest_photo_space_incenter": [11293.289338803192, 3707.873590882365], "dest_rotation": -4.658095035498293, "solution_x": 19, "solution_y": 5}