{"photo_space_origin": [1250.0, 814.0], "photo_space_incenter": [1738.0, 1312.0], "robot_state": {"photo_at_motor_position": [342620, 479770, 136000]}, "dest_photo_space_incenter": [3819.882160520192, 11535.086627365894], "dest_rotation": -3.471522042170516, "solution_x": 6, "solution_y": 16}