{"photo_space_origin": [1895.0, 1001.0], "photo_space_incenter": [2295.0, 1510.0], "robot_state": {"photo_at_motor_position": [79262, 385858, 136000]}, "dest_photo_space_incenter": [20843.77118309798, 9535.53087349504], "dest_rotation": -0.3863347448149108, "solution_x": 35, "solution_y": 13}