{"photo_space_origin": [1431.0, 1016.0], "photo_space_incenter": [1659.0, 1738.0], "robot_state": {"photo_at_motor_position": [235326, 430578, 136000]}, "dest_photo_space_incenter": [9165.0, 273.6211853027344], "dest_rotation": -3.0897995505611298, "solution_x": 15, "solution_y": 0}