{"photo_space_origin": [1172.0, 783.0], "photo_space_incenter": [1571.0, 1212.0], "robot_state": {"photo_at_motor_position": [254834, 367970, 136000]}, "dest_photo_space_incenter": [20933.003777186135, 15044.48055192603], "dest_rotation": -2.4835223376386972, "solution_x": 35, "solution_y": 21}