{"photo_space_origin": [1334.0, 957.0], "photo_space_incenter": [1917.0, 1405.0], "robot_state": {"photo_at_motor_position": [98770, 488714, 136000]}, "dest_photo_space_incenter": [12030.641086039854, 15095.222569284366], "dest_rotation": -5.207767354649697, "solution_x": 20, "solution_y": 21}