{"photo_space_origin": [1107.0, 887.0], "photo_space_incenter": [1573.0, 1315.0], "robot_state": {"photo_at_motor_position": [89016, 426106, 136000]}, "dest_photo_space_incenter": [13177.580476120693, 1298.689793656791], "dest_rotation": -1.7178925067783137, "solution_x": 22, "solution_y": 1}