{"photo_space_origin": [1808.0, 1074.0], "photo_space_incenter": [2236.0, 1482.0], "robot_state": {"photo_at_motor_position": [362128, 506602, 136000]}, "dest_photo_space_incenter": [6793.727641528975, 9523.678515983678], "dest_rotation": -2.961421357476066, "solution_x": 11, "solution_y": 13}