{"photo_space_origin": [1638.0, 994.0], "photo_space_incenter": [2093.0, 1425.0], "robot_state": {"photo_at_motor_position": [254834, 457410, 136000]}, "dest_photo_space_incenter": [23198.229225039482, 16369.564974809535], "dest_rotation": -0.47288285182216594, "solution_x": 39, "solution_y": 23}