{"photo_space_origin": [1666.0, 1187.0], "photo_space_incenter": [2072.0, 1516.0], "robot_state": {"photo_at_motor_position": [264588, 524490, 136000]}, "dest_photo_space_incenter": [3813.7367133473745, 13610.142707485566], "dest_rotation": 0.18829450773302225, "solution_x": 6, "solution_y": 19}