{"photo_space_origin": [1397.0, 1114.0], "photo_space_incenter": [1839.0, 1531.0], "robot_state": {"photo_at_motor_position": [391390, 528962, 136000]}, "dest_photo_space_incenter": [18407.361798984814, 10814.16256952082], "dest_rotation": -0.022680166623302966, "solution_x": 31, "solution_y": 15}