{"photo_space_origin": [1517.0, 1097.0], "photo_space_incenter": [1940.0, 1633.0], "robot_state": {"photo_at_motor_position": [264588, 551322, 136000]}, "dest_photo_space_incenter": [6879.306814575519, 14458.633856028708], "dest_rotation": -8.345535483678589, "solution_x": 11, "solution_y": 20}