{"photo_space_origin": [1709.0, 1027.0], "photo_space_incenter": [2126.0, 1445.0], "robot_state": {"photo_at_motor_position": [284096, 452938, 136000]}, "dest_photo_space_incenter": [16675.53217838343, 15520.915621493437], "dest_rotation": 0.3762571277417166, "solution_x": 28, "solution_y": 22}