{"photo_space_origin": [1607.0, 1085.0], "photo_space_incenter": [2000.0, 1637.0], "robot_state": {"photo_at_motor_position": [381636, 443994, 136000]}, "dest_photo_space_incenter": [7860.94769203908, 10635.24370224853], "dest_rotation": 3.019519519691926, "solution_x": 13, "solution_y": 15}