{"photo_space_origin": [1721.0, 1154.0], "photo_space_incenter": [2061.0, 1517.0], "robot_state": {"photo_at_motor_position": [79262, 497658, 136000]}, "dest_photo_space_incenter": [21024.81573054647, 14178.81327014266], "dest_rotation": -4.340272005641128, "solution_x": 35, "solution_y": 20}