{"photo_space_origin": [1599.0, 828.0], "photo_space_incenter": [2035.0, 1356.0], "robot_state": {"photo_at_motor_position": [157294, 354554, 136000]}, "dest_photo_space_incenter": [16001.252514878772, 1136.8158805056948], "dest_rotation": -0.2680935194423224, "solution_x": 27, "solution_y": 1}