{"photo_space_origin": [969.0, 914.0], "photo_space_incenter": [1538.0, 1428.0], "robot_state": {"photo_at_motor_position": [274342, 430578, 136000]}, "dest_photo_space_incenter": [23094.333800315857, 14270.064974809535], "dest_rotation": 0.26471294304847337, "solution_x": 39, "solution_y": 20}