{"photo_space_origin": [1151.0, 958.0], "photo_space_incenter": [1475.0, 1383.0], "robot_state": {"photo_at_motor_position": [147540, 506602, 136000]}, "dest_photo_space_incenter": [9032.909741679829, 17153.102277939368], "dest_rotation": -6.953920107506834, "solution_x": 15, "solution_y": 24}