{"photo_space_origin": [1230.0, 924.0], "photo_space_incenter": [1569.0, 1389.0], "robot_state": {"photo_at_motor_position": [235326, 537906, 136000]}, "dest_photo_space_incenter": [14160.887682658198, 9653.737986853637], "dest_rotation": -1.4738278690311004, "solution_x": 24, "solution_y": 13}