{"photo_space_origin": [1564.0, 1123.0], "photo_space_incenter": [2143.0, 1486.0], "robot_state": {"photo_at_motor_position": [362128, 385858, 136000]}, "dest_photo_space_incenter": [20782.633057308303, 5113.044430580923], "dest_rotation": -0.6966861877782926, "solution_x": 35, "solution_y": 7}