{"photo_space_origin": [1728.0, 861.0], "photo_space_incenter": [2271.0, 1316.0], "robot_state": {"photo_at_motor_position": [254834, 408218, 136000]}, "dest_photo_space_incenter": [21953.315485901552, 15621.503160558692], "dest_rotation": -0.9798169732245907, "solution_x": 37, "solution_y": 22}