{"photo_space_origin": [1108.0, 1164.0], "photo_space_incenter": [1711.0, 1622.0], "robot_state": {"photo_at_motor_position": [332866, 399274, 136000]}, "dest_photo_space_incenter": [18897.82648322918, 5428.913529562415], "dest_rotation": -4.557148430009349, "solution_x": 32, "solution_y": 7}