{"photo_space_origin": [1287.0, 1144.0], "photo_space_incenter": [1728.0, 1603.0], "robot_state": {"photo_at_motor_position": [69508, 493186, 136000]}, "dest_photo_space_incenter": [20107.817296700778, 10843.994672482197], "dest_rotation": -4.520503996195668, "solution_x": 34, "solution_y": 15}