{"photo_space_origin": [1396.0, 1177.0], "photo_space_incenter": [1824.0, 1772.0], "robot_state": {"photo_at_motor_position": [225572, 394802, 136000]}, "dest_photo_space_incenter": [7350.550278829789, 1658.6687264618968], "dest_rotation": -2.8860341131651013, "solution_x": 12, "solution_y": 2}