{"photo_space_origin": [1818.0, 1300.0], "photo_space_incenter": [2211.0, 1638.0], "robot_state": {"photo_at_motor_position": [206064, 564738, 136000]}, "dest_photo_space_incenter": [13152.482735011481, 15022.342034679099], "dest_rotation": -5.160576968789977, "solution_x": 22, "solution_y": 21}