{"photo_space_origin": [1937.0, 996.0], "photo_space_incenter": [2492.0, 1230.0], "robot_state": {"photo_at_motor_position": [137786, 439522, 136000]}, "dest_photo_space_incenter": [218.4656769789803, 5825.440779198023], "dest_rotation": -7.788039644193213, "solution_x": 0, "solution_y": 8}