{"photo_space_origin": [1077.0, 1163.0], "photo_space_incenter": [1448.0, 1504.0], "robot_state": {"photo_at_motor_position": [98770, 475298, 136000]}, "dest_photo_space_incenter": [11920.723861182523, 15617.532828375388], "dest_rotation": -5.17704887455948, "solution_x": 20, "solution_y": 22}