{"photo_space_origin": [1223.0, 905.0], "photo_space_incenter": [1594.0, 1256.0], "robot_state": {"photo_at_motor_position": [215818, 457410, 136000]}, "dest_photo_space_incenter": [849.8549985551192, 1708.6186987679757], "dest_rotation": -1.8634699631567464, "solution_x": 1, "solution_y": 2}