{"photo_space_origin": [1271.0, 1067.0], "photo_space_incenter": [1604.0, 1412.0], "robot_state": {"photo_at_motor_position": [206064, 439522, 136000]}, "dest_photo_space_incenter": [1374.420300156803, 7928.031420091179], "dest_rotation": -6.397441231994243, "solution_x": 2, "solution_y": 11}