{"photo_space_origin": [1505.0, 898.0], "photo_space_incenter": [1746.0, 1454.0], "robot_state": {"photo_at_motor_position": [381636, 394802, 136000]}, "dest_photo_space_incenter": [15437.512998635513, 13095.227056054002], "dest_rotation": -6.351307370853013, "solution_x": 26, "solution_y": 18}