{"photo_space_origin": [1576.0, 1199.0], "photo_space_incenter": [2052.0, 1653.0], "robot_state": {"photo_at_motor_position": [303604, 587098, 136000]}, "dest_photo_space_incenter": [19500.773331897668, 7274.628174111059], "dest_rotation": -3.33599656238016, "solution_x": 33, "solution_y": 10}