{"photo_space_origin": [1117.0, 1011.0], "photo_space_incenter": [1699.0, 1310.0], "robot_state": {"photo_at_motor_position": [342620, 394802, 136000]}, "dest_photo_space_incenter": [11953.051733512282, 14115.55629792065], "dest_rotation": -7.861891197993037, "solution_x": 20, "solution_y": 20}