{"photo_space_origin": [1191.0, 844.0], "photo_space_incenter": [1688.0, 1256.0], "robot_state": {"photo_at_motor_position": [303604, 426106, 136000]}, "dest_photo_space_incenter": [19547.285928220408, 9533.789617530572], "dest_rotation": 1.3429975716834557, "solution_x": 33, "solution_y": 13}