{"photo_space_origin": [1949.0, 1262.0], "photo_space_incenter": [2304.0, 1603.0], "robot_state": {"photo_at_motor_position": [108524, 350082, 136000]}, "dest_photo_space_incenter": [13817.28310146024, 1686.738731589291], "dest_rotation": -6.3917784149511405, "solution_x": 23, "solution_y": 2}