{"photo_space_origin": [1842.0, 1124.0], "photo_space_incenter": [2165.0, 1557.0], "robot_state": {"photo_at_motor_position": [293850, 403746, 136000]}, "dest_photo_space_incenter": [19736.45621095861, 12088.821798481802], "dest_rotation": -3.5589116094838555, "solution_x": 33, "solution_y": 17}