{"photo_space_origin": [1121.0, 1052.0], "photo_space_incenter": [1622.0, 1569.0], "robot_state": {"photo_at_motor_position": [215818, 376914, 136000]}, "dest_photo_space_incenter": [5053.6959438010745, 2415.5785925199443], "dest_rotation": -4.912393611307172, "solution_x": 8, "solution_y": 3}