{"photo_space_origin": [1553.0, 1106.0], "photo_space_incenter": [2037.0, 1521.0], "robot_state": {"photo_at_motor_position": [381636, 452938, 136000]}, "dest_photo_space_incenter": [7844.718626878369, 4623.295251579112], "dest_rotation": -1.7907459980702902, "solution_x": 13, "solution_y": 6}