{"photo_space_origin": [1578.0, 954.0], "photo_space_incenter": [1934.0, 1535.0], "robot_state": {"photo_at_motor_position": [381636, 555794, 136000]}, "dest_photo_space_incenter": [17364.642604731514, 3325.103692901652], "dest_rotation": -1.3592435034170687, "solution_x": 29, "solution_y": 4}