{"photo_space_origin": [1819.0, 792.0], "photo_space_incenter": [2221.0, 1275.0], "robot_state": {"photo_at_motor_position": [108524, 421634, 136000]}, "dest_photo_space_incenter": [21313.715398516702, 1744.4434333679328], "dest_rotation": -5.551506635902531, "solution_x": 36, "solution_y": 2}