{"photo_space_origin": [1922.0, 964.0], "photo_space_incenter": [2400.0, 1310.0], "robot_state": {"photo_at_motor_position": [293850, 524490, 136000]}, "dest_photo_space_incenter": [18275.946343950356, 8141.511780349112], "dest_rotation": -2.0578839469113843, "solution_x": 31, "solution_y": 11}