{"photo_space_origin": [1744.0, 967.0], "photo_space_incenter": [2127.0, 1273.0], "robot_state": {"photo_at_motor_position": [69508, 394802, 136000]}, "dest_photo_space_incenter": [2605.9734395622445, 13529.258482426025], "dest_rotation": -4.971967122290334, "solution_x": 4, "solution_y": 19}