{"photo_space_origin": [1222.0, 1106.0], "photo_space_incenter": [1564.0, 1442.0], "robot_state": {"photo_at_motor_position": [323112, 435050, 136000]}, "dest_photo_space_incenter": [20692.396141051235, 3761.6358598387455], "dest_rotation": 1.1400071353773145, "solution_x": 35, "solution_y": 5}