{"photo_space_origin": [1720.0, 1089.0], "photo_space_incenter": [2106.0, 1423.0], "robot_state": {"photo_at_motor_position": [323112, 506602, 136000]}, "dest_photo_space_incenter": [3131.7797139632858, 13155.891526067138], "dest_rotation": -2.5673609459927755, "solution_x": 5, "solution_y": 18}