{"photo_space_origin": [1986.0, 975.0], "photo_space_incenter": [2474.0, 1473.0], "robot_state": {"photo_at_motor_position": [254834, 475298, 136000]}, "dest_photo_space_incenter": [22018.40974167983, 17306.231641476203], "dest_rotation": -5.594006514594458, "solution_x": 37, "solution_y": 24}