{"photo_space_origin": [1962.0, 1168.0], "photo_space_incenter": [2421.0, 1521.0], "robot_state": {"photo_at_motor_position": [196310, 524490, 136000]}, "dest_photo_space_incenter": [5523.409741679829, 17178.18274517094], "dest_rotation": -3.3467489084504067, "solution_x": 9, "solution_y": 24}