{"photo_space_origin": [1316.0, 886.0], "photo_space_incenter": [1676.0, 1358.0], "robot_state": {"photo_at_motor_position": [235326, 497658, 136000]}, "dest_photo_space_incenter": [902.8075521698695, 10040.3891486877], "dest_rotation": -6.725512361616435, "solution_x": 1, "solution_y": 14}