{"photo_space_origin": [1380.0, 1218.0], "photo_space_incenter": [1816.0, 1753.0], "robot_state": {"photo_at_motor_position": [128032, 587098, 136000]}, "dest_photo_space_incenter": [8980.393684380597, 3453.3794309309505], "dest_rotation": 0.059008338853351994, "solution_x": 15, "solution_y": 4}