{"photo_space_origin": [1421.0, 1248.0], "photo_space_incenter": [1903.0, 1904.0], "robot_state": {"photo_at_motor_position": [98770, 520018, 136000]}, "dest_photo_space_incenter": [17494.429072988372, 4091.4995262554894], "dest_rotation": -0.9739622778763444, "solution_x": 29, "solution_y": 5}