{"photo_space_origin": [1676.0, 1167.0], "photo_space_incenter": [2099.0, 1653.0], "robot_state": {"photo_at_motor_position": [381636, 417162, 136000]}, "dest_photo_space_incenter": [3196.488536658761, 3828.8161962763393], "dest_rotation": -6.300345655133729, "solution_x": 5, "solution_y": 5}