{"photo_space_origin": [1868.0, 918.0], "photo_space_incenter": [2320.0, 1444.0], "robot_state": {"photo_at_motor_position": [79262, 350082, 136000]}, "dest_photo_space_incenter": [13475.527349322216, 10105.160209508675], "dest_rotation": -4.476068762864537, "solution_x": 23, "solution_y": 14}