{"photo_space_origin": [1561.0, 924.0], "photo_space_incenter": [1773.0, 1317.0], "robot_state": {"photo_at_motor_position": [89016, 457410, 136000]}, "dest_photo_space_incenter": [21872.0, 193.38984885720856], "dest_rotation": -4.664403246610069, "solution_x": 37, "solution_y": 0}