{"photo_space_origin": [1258.0, 921.0], "photo_space_incenter": [1809.0, 1532.0], "robot_state": {"photo_at_motor_position": [342620, 524490, 136000]}, "dest_photo_space_incenter": [6203.08508665163, 10735.065986266185], "dest_rotation": -2.0184335955881467, "solution_x": 10, "solution_y": 15}