{"photo_space_origin": [1358.0, 988.0], "photo_space_incenter": [1857.0, 1406.0], "robot_state": {"photo_at_motor_position": [235326, 479770, 136000]}, "dest_photo_space_incenter": [909.3546077486196, 9308.914963942862], "dest_rotation": -2.0509463540056014, "solution_x": 1, "solution_y": 13}