{"photo_space_origin": [1865.0, 725.0], "photo_space_incenter": [2270.0, 1260.0], "robot_state": {"photo_at_motor_position": [206064, 399274, 136000]}, "dest_photo_space_incenter": [9650.650471724326, 1043.2150160805177], "dest_rotation": -5.83952858357285, "solution_x": 16, "solution_y": 1}