{"photo_space_origin": [1152.0, 1140.0], "photo_space_incenter": [1499.0, 1469.0], "robot_state": {"photo_at_motor_position": [293850, 390330, 136000]}, "dest_photo_space_incenter": [21346.839550972938, 9587.335410182], "dest_rotation": -2.495629965403187, "solution_x": 36, "solution_y": 13}