{"photo_space_origin": [1375.0, 769.0], "photo_space_incenter": [1789.0, 1314.0], "robot_state": {"photo_at_motor_position": [342620, 385858, 136000]}, "dest_photo_space_incenter": [16011.852226689882, 8800.683014584854], "dest_rotation": -5.577665340843711, "solution_x": 27, "solution_y": 12}