{"photo_space_origin": [1276.0, 902.0], "photo_space_incenter": [1845.0, 1386.0], "robot_state": {"photo_at_motor_position": [303604, 359026, 136000]}, "dest_photo_space_incenter": [20212.124463598615, 5813.921798187262], "dest_rotation": -3.2391487393145866, "solution_x": 34, "solution_y": 8}