{"photo_space_origin": [1789.0, 1055.0], "photo_space_incenter": [2173.0, 1484.0], "robot_state": {"photo_at_motor_position": [98770, 497658, 136000]}, "dest_photo_space_incenter": [11499.404455473306, 14917.837603727283], "dest_rotation": -0.33810939541524077, "solution_x": 19, "solution_y": 21}