{"photo_space_origin": [1551.0, 865.0], "photo_space_incenter": [2147.0, 1304.0], "robot_state": {"photo_at_motor_position": [108524, 470826, 136000]}, "dest_photo_space_incenter": [10169.149774224352, 15814.100668328068], "dest_rotation": 1.7606084451436743, "solution_x": 17, "solution_y": 22}