{"photo_space_origin": [1820.0, 927.0], "photo_space_incenter": [2175.0, 1379.0], "robot_state": {"photo_at_motor_position": [313358, 488714, 136000]}, "dest_photo_space_incenter": [18617.47951983251, 12846.057035331218], "dest_rotation": 2.317917780401995, "solution_x": 31, "solution_y": 18}