{"photo_space_origin": [1457.0, 853.0], "photo_space_incenter": [1902.0, 1242.0], "robot_state": {"photo_at_motor_position": [391390, 457410, 136000]}, "dest_photo_space_incenter": [7380.226216874251, 10754.615570209677], "dest_rotation": -6.361177126355374, "solution_x": 12, "solution_y": 15}