{"photo_space_origin": [1557.0, 1184.0], "photo_space_incenter": [2160.0, 1520.0], "robot_state": {"photo_at_motor_position": [254834, 520018, 136000]}, "dest_photo_space_incenter": [7306.964010735017, 13160.254825440405], "dest_rotation": 2.0801991103262347, "solution_x": 12, "solution_y": 18}