{"photo_space_origin": [1098.0, 1083.0], "photo_space_incenter": [1532.0, 1448.0], "robot_state": {"photo_at_motor_position": [69508, 511074, 136000]}, "dest_photo_space_incenter": [14990.908866160882, 5190.014490830579], "dest_rotation": -0.31030200723762036, "solution_x": 25, "solution_y": 7}