{"photo_space_origin": [1396.0, 1205.0], "photo_space_incenter": [1733.0, 1583.0], "robot_state": {"photo_at_motor_position": [186556, 506602, 136000]}, "dest_photo_space_incenter": [1398.4446074499206, 6714.930575967865], "dest_rotation": -2.762538997702707, "solution_x": 2, "solution_y": 9}