{"photo_space_origin": [1551.0, 907.0], "photo_space_incenter": [1891.0, 1203.0], "robot_state": {"photo_at_motor_position": [303604, 515546, 136000]}, "dest_photo_space_incenter": [12532.619318662546, 9587.583106837568], "dest_rotation": -3.4545852575871767, "solution_x": 21, "solution_y": 13}