{"photo_space_origin": [2101.0, 1194.0], "photo_space_incenter": [2442.0, 1489.0], "robot_state": {"photo_at_motor_position": [352374, 376914, 136000]}, "dest_photo_space_incenter": [14267.551649997706, 11594.711606196586], "dest_rotation": -7.841795220607477, "solution_x": 24, "solution_y": 16}