{"photo_space_origin": [1942.0, 1123.0], "photo_space_incenter": [2250.0, 1424.0], "robot_state": {"photo_at_motor_position": [59754, 354554, 136000]}, "dest_photo_space_incenter": [12934.571506102498, 12204.342463960269], "dest_rotation": -0.05557605640162766, "solution_x": 22, "solution_y": 17}