{"photo_space_origin": [1180.0, 1158.0], "photo_space_incenter": [1484.0, 1561.0], "robot_state": {"photo_at_motor_position": [293850, 578154, 136000]}, "dest_photo_space_incenter": [17251.291551952614, 11648.644394390118], "dest_rotation": -1.2072801140497766, "solution_x": 29, "solution_y": 16}