{"photo_space_origin": [1859.0, 811.0], "photo_space_incenter": [2239.0, 1364.0], "robot_state": {"photo_at_motor_position": [313358, 564738, 136000]}, "dest_photo_space_incenter": [5545.603682141289, 6644.225322259244], "dest_rotation": -4.032370063322725, "solution_x": 9, "solution_y": 9}