{"photo_space_origin": [1706.0, 1345.0], "photo_space_incenter": [2074.0, 1710.0], "robot_state": {"photo_at_motor_position": [79262, 372442, 136000]}, "dest_photo_space_incenter": [16043.19171505992, 12343.425322048626], "dest_rotation": 1.4353446353119104, "solution_x": 27, "solution_y": 17}