{"photo_space_origin": [1476.0, 872.0], "photo_space_incenter": [2030.0, 1253.0], "robot_state": {"photo_at_motor_position": [371882, 497658, 136000]}, "dest_photo_space_incenter": [4883.279602292749, 10179.625573988913], "dest_rotation": -4.266903841094254, "solution_x": 8, "solution_y": 14}