{"photo_space_origin": [1304.0, 1017.0], "photo_space_incenter": [1758.0, 1554.0], "robot_state": {"photo_at_motor_position": [245080, 506602, 136000]}, "dest_photo_space_incenter": [23181.958450078964, 15732.064974809535], "dest_rotation": -0.7864745892465002, "solution_x": 39, "solution_y": 22}