{"photo_space_origin": [1518.0, 1233.0], "photo_space_incenter": [1943.0, 1657.0], "robot_state": {"photo_at_motor_position": [284096, 542378, 136000]}, "dest_photo_space_incenter": [4912.821726004078, 6077.2698054836455], "dest_rotation": -1.5089949467725028, "solution_x": 8, "solution_y": 8}