{"photo_space_origin": [1448.0, 1292.0], "photo_space_incenter": [1857.0, 1682.0], "robot_state": {"photo_at_motor_position": [362128, 408218, 136000]}, "dest_photo_space_incenter": [20891.550426424452, 6662.321457030338], "dest_rotation": -3.095041779792383, "solution_x": 35, "solution_y": 9}