{"photo_space_origin": [1184.0, 871.0], "photo_space_incenter": [1728.0, 1349.0], "robot_state": {"photo_at_motor_position": [391390, 390330, 136000]}, "dest_photo_space_incenter": [14782.612565836229, 8685.057213668837], "dest_rotation": -3.223851526844723, "solution_x": 25, "solution_y": 12}