{"photo_space_origin": [2052.0, 1320.0], "photo_space_incenter": [2482.0, 1688.0], "robot_state": {"photo_at_motor_position": [59754, 479770, 136000]}, "dest_photo_space_incenter": [17316.20783903151, 6604.244765138037], "dest_rotation": -1.7872382327898866, "solution_x": 29, "solution_y": 9}