{"photo_space_origin": [1673.0, 1224.0], "photo_space_incenter": [2274.0, 1583.0], "robot_state": {"photo_at_motor_position": [245080, 461882, 136000]}, "dest_photo_space_incenter": [22571.973661284817, 14799.31275190037], "dest_rotation": -1.0468368765480056, "solution_x": 38, "solution_y": 21}