{"photo_space_origin": [1221.0, 1113.0], "photo_space_incenter": [1871.0, 1481.0], "robot_state": {"photo_at_motor_position": [196310, 359026, 136000]}, "dest_photo_space_incenter": [21164.296579782327, 3820.982337680293], "dest_rotation": -1.4324473738159442, "solution_x": 36, "solution_y": 5}