{"photo_space_origin": [1236.0, 1116.0], "photo_space_incenter": [1660.0, 1599.0], "robot_state": {"photo_at_motor_position": [89016, 479770, 136000]}, "dest_photo_space_incenter": [22047.86128461759, 7366.194924164634], "dest_rotation": -0.17684761352779965, "solution_x": 37, "solution_y": 10}