{"photo_space_origin": [1986.0, 987.0], "photo_space_incenter": [2387.0, 1448.0], "robot_state": {"photo_at_motor_position": [215818, 381386, 136000]}, "dest_photo_space_incenter": [6778.815095178418, 1197.0331024671868], "dest_rotation": -2.961525885610953, "solution_x": 11, "solution_y": 1}