{"photo_space_origin": [1515.0, 903.0], "photo_space_incenter": [1998.0, 1419.0], "robot_state": {"photo_at_motor_position": [206064, 582626, 136000]}, "dest_photo_space_incenter": [20836.90905219324, 7437.591883870689], "dest_rotation": -1.304907290855406, "solution_x": 35, "solution_y": 10}