{"photo_space_origin": [1507.0, 951.0], "photo_space_incenter": [2084.0, 1397.0], "robot_state": {"photo_at_motor_position": [332866, 443994, 136000]}, "dest_photo_space_incenter": [3063.3938923341657, 14453.969433190365], "dest_rotation": 2.183551915732968, "solution_x": 5, "solution_y": 20}