{"photo_space_origin": [1655.0, 1035.0], "photo_space_incenter": [1957.0, 1512.0], "robot_state": {"photo_at_motor_position": [79262, 470826, 136000]}, "dest_photo_space_incenter": [11365.839330542894, 6056.349005898153], "dest_rotation": -0.3802173327065992, "solution_x": 19, "solution_y": 8}