{"photo_space_origin": [1827.0, 1163.0], "photo_space_incenter": [2237.0, 1666.0], "robot_state": {"photo_at_motor_position": [79262, 448466, 136000]}, "dest_photo_space_incenter": [12575.0, 519.1347060203552], "dest_rotation": -1.2520308381588288, "solution_x": 21, "solution_y": 0}