{"photo_space_origin": [1098.0, 862.0], "photo_space_incenter": [1652.0, 1420.0], "robot_state": {"photo_at_motor_position": [352374, 359026, 136000]}, "dest_photo_space_incenter": [15549.34209788691, 10269.278777800144], "dest_rotation": 1.5296774775159143, "solution_x": 26, "solution_y": 14}