{"photo_space_origin": [1768.0, 1195.0], "photo_space_incenter": [2176.0, 1639.0], "robot_state": {"photo_at_motor_position": [293850, 511074, 136000]}, "dest_photo_space_incenter": [16074.238143448392, 14212.35175701115], "dest_rotation": -6.938587274410809, "solution_x": 27, "solution_y": 20}