{"photo_space_origin": [1543.0, 1110.0], "photo_space_incenter": [1883.0, 1480.0], "robot_state": {"photo_at_motor_position": [245080, 390330, 136000]}, "dest_photo_space_incenter": [23124.74609375, 5960.064974809535], "dest_rotation": -1.5691782052298038, "solution_x": 39, "solution_y": 8}