{"photo_space_origin": [1539.0, 787.0], "photo_space_incenter": [1833.0, 1398.0], "robot_state": {"photo_at_motor_position": [342620, 443994, 136000]}, "dest_photo_space_incenter": [17234.624081371097, 9397.067080262486], "dest_rotation": -3.6106583852168335, "solution_x": 29, "solution_y": 13}