{"photo_space_origin": [1989.0, 926.0], "photo_space_incenter": [2382.0, 1319.0], "robot_state": {"photo_at_motor_position": [147540, 493186, 136000]}, "dest_photo_space_incenter": [6721.962734926046, 15711.352042023122], "dest_rotation": -9.354457232218166, "solution_x": 11, "solution_y": 22}