{"photo_space_origin": [1639.0, 1300.0], "photo_space_incenter": [2084.0, 1593.0], "robot_state": {"photo_at_motor_position": [196310, 452938, 136000]}, "dest_photo_space_incenter": [17741.477294607466, 3830.690571117307], "dest_rotation": -1.5376458981858292, "solution_x": 30, "solution_y": 5}