{"photo_space_origin": [1786.0, 1082.0], "photo_space_incenter": [2143.0, 1462.0], "robot_state": {"photo_at_motor_position": [352374, 350082, 136000]}, "dest_photo_space_incenter": [17297.385934592574, 5993.802909512873], "dest_rotation": -4.868511093045916, "solution_x": 29, "solution_y": 8}