{"photo_space_origin": [1709.0, 912.0], "photo_space_incenter": [2361.0, 1320.0], "robot_state": {"photo_at_motor_position": [264588, 412690, 136000]}, "dest_photo_space_incenter": [23191.167600631714, 13544.064974809535], "dest_rotation": -0.03523805143275904, "solution_x": 39, "solution_y": 19}