{"photo_space_origin": [1955.0, 1180.0], "photo_space_incenter": [2229.0, 1573.0], "robot_state": {"photo_at_motor_position": [186556, 367970, 136000]}, "dest_photo_space_incenter": [23246.484375, 4576.564974809535], "dest_rotation": -3.405454813128908, "solution_x": 39, "solution_y": 6}