{"photo_space_origin": [1184.0, 1363.0], "photo_space_incenter": [1519.0, 1729.0], "robot_state": {"photo_at_motor_position": [206064, 376914, 136000]}, "dest_photo_space_incenter": [7393.40754758921, 1110.501292444531], "dest_rotation": -1.5924225383765873, "solution_x": 12, "solution_y": 1}