{"photo_space_origin": [1307.0, 762.0], "photo_space_incenter": [1627.0, 1364.0], "robot_state": {"photo_at_motor_position": [79262, 520018, 136000]}, "dest_photo_space_incenter": [14901.911735638692, 14098.321193847165], "dest_rotation": 2.385110832336025, "solution_x": 25, "solution_y": 20}