{"photo_space_origin": [1974.0, 868.0], "photo_space_incenter": [2340.0, 1377.0], "robot_state": {"photo_at_motor_position": [176802, 560266, 136000]}, "dest_photo_space_incenter": [11913.81383558216, 16255.583071043184], "dest_rotation": -3.147418738476949, "solution_x": 20, "solution_y": 23}