{"photo_space_origin": [1702.0, 1070.0], "photo_space_incenter": [2346.0, 1392.0], "robot_state": {"photo_at_motor_position": [245080, 408218, 136000]}, "dest_photo_space_incenter": [8471.839355571257, 2151.033963626666], "dest_rotation": -1.021938414070216, "solution_x": 14, "solution_y": 3}