{"photo_space_origin": [1639.0, 773.0], "photo_space_incenter": [2030.0, 1347.0], "robot_state": {"photo_at_motor_position": [186556, 399274, 136000]}, "dest_photo_space_incenter": [1441.6979980300828, 12416.480928607787], "dest_rotation": -6.737182462098973, "solution_x": 2, "solution_y": 17}