{"photo_space_origin": [1865.0, 1129.0], "photo_space_incenter": [2124.0, 1811.0], "robot_state": {"photo_at_motor_position": [186556, 421634, 136000]}, "dest_photo_space_incenter": [10231.703576678716, 12493.855469941183], "dest_rotation": -0.3709118924560344, "solution_x": 17, "solution_y": 17}