{"photo_space_origin": [1483.0, 948.0], "photo_space_incenter": [1749.0, 1546.0], "robot_state": {"photo_at_motor_position": [147540, 488714, 136000]}, "dest_photo_space_incenter": [4865.101084131713, 15862.860959571248], "dest_rotation": -7.188407932060844, "solution_x": 8, "solution_y": 22}