{"photo_space_origin": [1712.0, 1193.0], "photo_space_incenter": [2121.0, 1626.0], "robot_state": {"photo_at_motor_position": [167048, 497658, 136000]}, "dest_photo_space_incenter": [2579.219345571847, 2524.4705437275747], "dest_rotation": -2.3092632773054182, "solution_x": 4, "solution_y": 3}