{"photo_space_origin": [1461.0, 920.0], "photo_space_incenter": [1792.0, 1230.0], "robot_state": {"photo_at_motor_position": [137786, 524490, 136000]}, "dest_photo_space_incenter": [16165.347384921883, 14749.827252510251], "dest_rotation": -5.280322079494862, "solution_x": 27, "solution_y": 21}