{"photo_space_origin": [1612.0, 807.0], "photo_space_incenter": [2059.0, 1163.0], "robot_state": {"photo_at_motor_position": [352374, 488714, 136000]}, "dest_photo_space_incenter": [14263.524949168816, 11058.191482360635], "dest_rotation": -2.7841347699345347, "solution_x": 24, "solution_y": 15}