{"photo_space_origin": [1957.0, 1037.0], "photo_space_incenter": [2397.0, 1486.0], "robot_state": {"photo_at_motor_position": [118278, 578154, 136000]}, "dest_photo_space_incenter": [7379.810345642236, 5261.454324348012], "dest_rotation": -0.486738249872833, "solution_x": 12, "solution_y": 7}