{"photo_space_origin": [1473.0, 1246.0], "photo_space_incenter": [2011.0, 1594.0], "robot_state": {"photo_at_motor_position": [225572, 551322, 136000]}, "dest_photo_space_incenter": [7483.29342575696, 7223.304486353634], "dest_rotation": -1.403892643050779, "solution_x": 12, "solution_y": 10}