{"photo_space_origin": [1098.0, 1095.0], "photo_space_incenter": [1578.0, 1491.0], "robot_state": {"photo_at_motor_position": [362128, 439522, 136000]}, "dest_photo_space_incenter": [8399.84890308294, 3971.6746898859797], "dest_rotation": -4.695926262109271, "solution_x": 14, "solution_y": 5}