{"photo_space_origin": [1633.0, 982.0], "photo_space_incenter": [2124.0, 1476.0], "robot_state": {"photo_at_motor_position": [293850, 569210, 136000]}, "dest_photo_space_incenter": [20924.637558675866, 13499.222555215276], "dest_rotation": -2.395020730193082, "solution_x": 35, "solution_y": 19}