{"photo_space_origin": [1750.0, 785.0], "photo_space_incenter": [2223.0, 1241.0], "robot_state": {"photo_at_motor_position": [206064, 426106, 136000]}, "dest_photo_space_incenter": [250.88955240559312, 2346.940779198023], "dest_rotation": -3.263012066861007, "solution_x": 0, "solution_y": 3}