{"photo_space_origin": [1109.0, 825.0], "photo_space_incenter": [1677.0, 1239.0], "robot_state": {"photo_at_motor_position": [176802, 537906, 136000]}, "dest_photo_space_incenter": [12461.909741679829, 17226.95237511878], "dest_rotation": -4.023227269177686, "solution_x": 21, "solution_y": 24}