{"photo_space_origin": [1989.0, 1252.0], "photo_space_incenter": [2257.0, 1813.0], "robot_state": {"photo_at_motor_position": [342620, 403746, 136000]}, "dest_photo_space_incenter": [20779.495702320146, 3239.2893819971982], "dest_rotation": -6.21226305038757, "solution_x": 35, "solution_y": 4}