{"photo_space_origin": [1897.0, 896.0], "photo_space_incenter": [2290.0, 1340.0], "robot_state": {"photo_at_motor_position": [186556, 533434, 136000]}, "dest_photo_space_incenter": [10765.409741679829, 17178.86339984819], "dest_rotation": -6.423052790780959, "solution_x": 18, "solution_y": 24}