{"photo_space_origin": [1996.0, 897.0], "photo_space_incenter": [2438.0, 1285.0], "robot_state": {"photo_at_motor_position": [98770, 479770, 136000]}, "dest_photo_space_incenter": [10147.96025341762, 16463.416055617734], "dest_rotation": -1.652440004790619, "solution_x": 17, "solution_y": 23}