{"photo_space_origin": [1226.0, 980.0], "photo_space_incenter": [1707.0, 1419.0], "robot_state": {"photo_at_motor_position": [128032, 506602, 136000]}, "dest_photo_space_incenter": [3091.766681684031, 15154.685028639378], "dest_rotation": -4.8218848507833085, "solution_x": 5, "solution_y": 21}