{"photo_space_origin": [1200.0, 1108.0], "photo_space_incenter": [1718.0, 1470.0], "robot_state": {"photo_at_motor_position": [137786, 555794, 136000]}, "dest_photo_space_incenter": [17175.646003886806, 14293.607640473268], "dest_rotation": -2.5734819014672343, "solution_x": 29, "solution_y": 20}