{"photo_space_origin": [1458.0, 1173.0], "photo_space_incenter": [1890.0, 1500.0], "robot_state": {"photo_at_motor_position": [381636, 426106, 136000]}, "dest_photo_space_incenter": [13250.832061235027, 13565.522343185636], "dest_rotation": 1.386622529081719, "solution_x": 22, "solution_y": 19}