{"photo_space_origin": [1945.0, 809.0], "photo_space_incenter": [2249.0, 1181.0], "robot_state": {"photo_at_motor_position": [235326, 381386, 136000]}, "dest_photo_space_incenter": [22627.05016838089, 4757.224687295643], "dest_rotation": -2.542784434275364, "solution_x": 38, "solution_y": 6}