{"photo_space_origin": [1149.0, 934.0], "photo_space_incenter": [1570.0, 1297.0], "robot_state": {"photo_at_motor_position": [371882, 443994, 136000]}, "dest_photo_space_incenter": [4510.471202015572, 11369.699408813849], "dest_rotation": -5.732199100486575, "solution_x": 7, "solution_y": 16}