{"photo_space_origin": [1039.0, 914.0], "photo_space_incenter": [1542.0, 1386.0], "robot_state": {"photo_at_motor_position": [157294, 542378, 136000]}, "dest_photo_space_incenter": [15361.771751428963, 16493.53270407564], "dest_rotation": -3.800298903577769, "solution_x": 26, "solution_y": 23}