{"photo_space_origin": [1987.0, 971.0], "photo_space_incenter": [2443.0, 1370.0], "robot_state": {"photo_at_motor_position": [69508, 421634, 136000]}, "dest_photo_space_incenter": [14356.439683240753, 7930.2965838467135], "dest_rotation": -1.6884652118559635, "solution_x": 24, "solution_y": 11}