{"photo_space_origin": [1696.0, 774.0], "photo_space_incenter": [2157.0, 1265.0], "robot_state": {"photo_at_motor_position": [303604, 439522, 136000]}, "dest_photo_space_incenter": [18381.35367849641, 7383.045552856061], "dest_rotation": -0.3415390480457621, "solution_x": 31, "solution_y": 10}