{"photo_space_origin": [1993.0, 1116.0], "photo_space_incenter": [2386.0, 1537.0], "robot_state": {"photo_at_motor_position": [108524, 484242, 136000]}, "dest_photo_space_incenter": [7817.3503986634405, 16391.011818924962], "dest_rotation": -7.804368005701408, "solution_x": 13, "solution_y": 23}