{"photo_space_origin": [1727.0, 1199.0], "photo_space_incenter": [2201.0, 1477.0], "robot_state": {"photo_at_motor_position": [69508, 372442, 136000]}, "dest_photo_space_incenter": [1964.1976662198892, 8578.801656694102], "dest_rotation": -7.550689118308076, "solution_x": 3, "solution_y": 12}