{"photo_space_origin": [1800.0, 1032.0], "photo_space_incenter": [2167.0, 1656.0], "robot_state": {"photo_at_motor_position": [371882, 555794, 136000]}, "dest_photo_space_incenter": [2571.03759729954, 4758.286027522512], "dest_rotation": -6.233781303814695, "solution_x": 4, "solution_y": 6}