{"photo_space_origin": [1361.0, 984.0], "photo_space_incenter": [1747.0, 1428.0], "robot_state": {"photo_at_motor_position": [69508, 408218, 136000]}, "dest_photo_space_incenter": [4985.87110478391, 7352.123926549291], "dest_rotation": -6.466848821597377, "solution_x": 8, "solution_y": 10}