{"photo_space_origin": [1269.0, 1030.0], "photo_space_incenter": [1657.0, 1437.0], "robot_state": {"photo_at_motor_position": [118278, 376914, 136000]}, "dest_photo_space_incenter": [19622.635238566174, 1629.4856669520886], "dest_rotation": -0.06749509505550533, "solution_x": 33, "solution_y": 2}