{"photo_space_origin": [1326.0, 798.0], "photo_space_incenter": [1617.0, 1110.0], "robot_state": {"photo_at_motor_position": [235326, 448466, 136000]}, "dest_photo_space_incenter": [869.8204975020816, 12458.527735115442], "dest_rotation": -2.624148107990271, "solution_x": 1, "solution_y": 17}