{"photo_space_origin": [1843.0, 884.0], "photo_space_incenter": [2614.0, 1321.0], "robot_state": {"photo_at_motor_position": [215818, 470826, 136000]}, "dest_photo_space_incenter": [886.4446211616637, 14030.13642653737], "dest_rotation": -1.8499573917214562, "solution_x": 1, "solution_y": 20}