{"photo_space_origin": [1264.0, 911.0], "photo_space_incenter": [1559.0, 1241.0], "robot_state": {"photo_at_motor_position": [332866, 350082, 136000]}, "dest_photo_space_incenter": [13839.340073232604, 3438.3928373818176], "dest_rotation": -3.141592653589793, "solution_x": 23, "solution_y": 4}