{"photo_space_origin": [2099.0, 1091.0], "photo_space_incenter": [2420.0, 1368.0], "robot_state": {"photo_at_motor_position": [352374, 367970, 136000]}, "dest_photo_space_incenter": [17807.375445860518, 4425.169253412247], "dest_rotation": -0.395835756044137, "solution_x": 30, "solution_y": 6}