{"photo_space_origin": [1787.0, 1089.0], "photo_space_incenter": [2123.0, 1532.0], "robot_state": {"photo_at_motor_position": [137786, 403746, 136000]}, "dest_photo_space_incenter": [5485.011659567801, 1753.151196892052], "dest_rotation": -0.3031124497214459, "solution_x": 9, "solution_y": 2}