{"photo_space_origin": [1532.0, 838.0], "photo_space_incenter": [1928.0, 1158.0], "robot_state": {"photo_at_motor_position": [362128, 412690, 136000]}, "dest_photo_space_incenter": [7454.6812024325645, 8043.18606083176], "dest_rotation": -3.595461560081979, "solution_x": 12, "solution_y": 11}