{"photo_space_origin": [1708.0, 1203.0], "photo_space_incenter": [2323.0, 1685.0], "robot_state": {"photo_at_motor_position": [362128, 533434, 136000]}, "dest_photo_space_incenter": [6885.996948653539, 6543.231938574835], "dest_rotation": -0.8358986371443584, "solution_x": 11, "solution_y": 9}