{"photo_space_origin": [1295.0, 1162.0], "photo_space_incenter": [1788.0, 1523.0], "robot_state": {"photo_at_motor_position": [157294, 394802, 136000]}, "dest_photo_space_incenter": [6132.1301903568365, 1255.1272400906237], "dest_rotation": -3.739752620963487, "solution_x": 10, "solution_y": 1}