{"photo_space_origin": [1200.0, 1154.0], "photo_space_incenter": [1592.0, 1764.0], "robot_state": {"photo_at_motor_position": [176802, 439522, 136000]}, "dest_photo_space_incenter": [8404.46941140491, 12142.02263831659], "dest_rotation": 3.0093552418411385, "solution_x": 14, "solution_y": 17}