{"photo_space_origin": [1759.0, 1052.0], "photo_space_incenter": [2145.0, 1475.0], "robot_state": {"photo_at_motor_position": [323112, 488714, 136000]}, "dest_photo_space_incenter": [7253.504741709422, 11405.987438170825], "dest_rotation": -6.29491149510276, "solution_x": 12, "solution_y": 16}