{"photo_space_origin": [1630.0, 1167.0], "photo_space_incenter": [2027.0, 1548.0], "robot_state": {"photo_at_motor_position": [128032, 533434, 136000]}, "dest_photo_space_incenter": [15033.63405357963, 15707.584602594601], "dest_rotation": -6.275383824422828, "solution_x": 25, "solution_y": 22}