{"photo_space_origin": [1368.0, 861.0], "photo_space_incenter": [1979.0, 1328.0], "robot_state": {"photo_at_motor_position": [362128, 537906, 136000]}, "dest_photo_space_incenter": [19700.255106044264, 3731.1485260841177], "dest_rotation": -1.1437975840537289, "solution_x": 33, "solution_y": 5}