{"photo_space_origin": [1364.0, 1141.0], "photo_space_incenter": [1733.0, 1505.0], "robot_state": {"photo_at_motor_position": [323112, 350082, 136000]}, "dest_photo_space_incenter": [10324.2248950963, 13632.625886168058], "dest_rotation": -1.5029617102689592, "solution_x": 17, "solution_y": 19}