{"photo_space_origin": [1374.0, 1252.0], "photo_space_incenter": [1751.0, 1672.0], "robot_state": {"photo_at_motor_position": [196310, 443994, 136000]}, "dest_photo_space_incenter": [13809.519622574553, 7796.556921909442], "dest_rotation": -3.0288752506041323, "solution_x": 23, "solution_y": 11}