{"photo_space_origin": [1837.0, 1160.0], "photo_space_incenter": [2211.0, 1472.0], "robot_state": {"photo_at_motor_position": [206064, 520018, 136000]}, "dest_photo_space_incenter": [4299.409741679829, 17164.719417399887], "dest_rotation": -3.2396379308836325, "solution_x": 7, "solution_y": 24}