{"photo_space_origin": [1177.0, 1266.0], "photo_space_incenter": [1580.0, 1588.0], "robot_state": {"photo_at_motor_position": [69508, 587098, 136000]}, "dest_photo_space_incenter": [16221.1453899736, 7421.979980517876], "dest_rotation": -4.533772700772291, "solution_x": 27, "solution_y": 10}