{"photo_space_origin": [1136.0, 1038.0], "photo_space_incenter": [1491.0, 1400.0], "robot_state": {"photo_at_motor_position": [186556, 439522, 136000]}, "dest_photo_space_incenter": [8979.268008240786, 5905.059679643988], "dest_rotation": -4.913606076647614, "solution_x": 15, "solution_y": 8}