{"photo_space_origin": [1341.0, 1123.0], "photo_space_incenter": [1757.0, 1583.0], "robot_state": {"photo_at_motor_position": [391390, 546850, 136000]}, "dest_photo_space_incenter": [12445.531615818474, 12803.51855434319], "dest_rotation": -3.1087304196682384, "solution_x": 21, "solution_y": 18}