{"photo_space_origin": [1134.0, 977.0], "photo_space_incenter": [1445.0, 1392.0], "robot_state": {"photo_at_motor_position": [362128, 578154, 136000]}, "dest_photo_space_incenter": [6556.445036298816, 12252.273180873466], "dest_rotation": -6.859864598744181, "solution_x": 11, "solution_y": 17}