{"photo_space_origin": [1745.0, 986.0], "photo_space_incenter": [2133.0, 1406.0], "robot_state": {"photo_at_motor_position": [206064, 497658, 136000]}, "dest_photo_space_incenter": [2523.0426490757272, 1812.1830110458736], "dest_rotation": -3.3081979269374524, "solution_x": 4, "solution_y": 2}