{"photo_space_origin": [1521.0, 865.0], "photo_space_incenter": [1933.0, 1282.0], "robot_state": {"photo_at_motor_position": [215818, 363498, 136000]}, "dest_photo_space_incenter": [21960.12763683637, 6436.877391489352], "dest_rotation": 1.496286714800335, "solution_x": 37, "solution_y": 9}