{"photo_space_origin": [1265.0, 918.0], "photo_space_incenter": [1567.0, 1409.0], "robot_state": {"photo_at_motor_position": [167048, 555794, 136000]}, "dest_photo_space_incenter": [268.4129059033262, 14314.940779198023], "dest_rotation": -6.20095357936051, "solution_x": 0, "solution_y": 20}