{"photo_space_origin": [1456.0, 965.0], "photo_space_incenter": [1825.0, 1468.0], "robot_state": {"photo_at_motor_position": [235326, 417162, 136000]}, "dest_photo_space_incenter": [6831.452686696874, 2437.0441085389652], "dest_rotation": -3.5938891954905143, "solution_x": 11, "solution_y": 3}