{"photo_space_origin": [1315.0, 1080.0], "photo_space_incenter": [1757.0, 1542.0], "robot_state": {"photo_at_motor_position": [79262, 403746, 136000]}, "dest_photo_space_incenter": [16651.37062139463, 11089.080322103595], "dest_rotation": 1.515032537726924, "solution_x": 28, "solution_y": 15}