{"photo_space_origin": [1511.0, 1146.0], "photo_space_incenter": [1974.0, 1733.0], "robot_state": {"photo_at_motor_position": [371882, 403746, 136000]}, "dest_photo_space_incenter": [20349.810050783966, 3108.154487789582], "dest_rotation": -1.5632789874131825, "solution_x": 34, "solution_y": 4}