{"photo_space_origin": [1840.0, 973.0], "photo_space_incenter": [2228.0, 1582.0], "robot_state": {"photo_at_motor_position": [137786, 367970, 136000]}, "dest_photo_space_incenter": [16691.5, 167.60261489078403], "dest_rotation": -3.6557388095023575, "solution_x": 28, "solution_y": 0}