{"photo_space_origin": [1662.0, 1213.0], "photo_space_incenter": [2097.0, 1559.0], "robot_state": {"photo_at_motor_position": [206064, 385858, 136000]}, "dest_photo_space_incenter": [11377.14380896554, 1271.710113132196], "dest_rotation": -3.50335259659479, "solution_x": 19, "solution_y": 1}