{"photo_space_origin": [1701.0, 993.0], "photo_space_incenter": [1932.0, 1425.0], "robot_state": {"photo_at_motor_position": [79262, 461882, 136000]}, "dest_photo_space_incenter": [23255.3115234375, 7314.064974809535], "dest_rotation": -2.9824904141172572, "solution_x": 39, "solution_y": 10}