{"photo_space_origin": [1499.0, 1161.0], "photo_space_incenter": [1800.0, 1637.0], "robot_state": {"photo_at_motor_position": [206064, 452938, 136000]}, "dest_photo_space_incenter": [1532.2765325446085, 8672.753514798125], "dest_rotation": -3.3913803007051313, "solution_x": 2, "solution_y": 12}