{"photo_space_origin": [1475.0, 944.0], "photo_space_incenter": [1879.0, 1469.0], "robot_state": {"photo_at_motor_position": [362128, 461882, 136000]}, "dest_photo_space_incenter": [18018.456939583557, 12906.688788838794], "dest_rotation": -2.5027633874388933, "solution_x": 30, "solution_y": 18}