{"photo_space_origin": [1303.0, 1070.0], "photo_space_incenter": [1730.0, 1618.0], "robot_state": {"photo_at_motor_position": [196310, 394802, 136000]}, "dest_photo_space_incenter": [10796.5, 392.0776481628418], "dest_rotation": -3.6713458917093056, "solution_x": 18, "solution_y": 0}