{"photo_space_origin": [1394.0, 772.0], "photo_space_incenter": [1934.0, 1443.0], "robot_state": {"photo_at_motor_position": [381636, 403746, 136000]}, "dest_photo_space_incenter": [4361.764693029044, 4720.899685449247], "dest_rotation": -0.6145916532783517, "solution_x": 7, "solution_y": 6}