{"photo_space_origin": [1273.0, 877.0], "photo_space_incenter": [1778.0, 1418.0], "robot_state": {"photo_at_motor_position": [303604, 417162, 136000]}, "dest_photo_space_incenter": [3608.5909660453767, 4593.484076217857], "dest_rotation": -4.1458745894748965, "solution_x": 6, "solution_y": 6}