{"photo_space_origin": [1719.0, 1113.0], "photo_space_incenter": [2260.0, 1641.0], "robot_state": {"photo_at_motor_position": [157294, 408218, 136000]}, "dest_photo_space_incenter": [1017.0169020605198, 11670.234257156731], "dest_rotation": -5.651959195431715, "solution_x": 1, "solution_y": 16}