{"photo_space_origin": [1615.0, 900.0], "photo_space_incenter": [1981.0, 1319.0], "robot_state": {"photo_at_motor_position": [264588, 564738, 136000]}, "dest_photo_space_incenter": [3129.265930820856, 11439.138150390498], "dest_rotation": -4.843501307809634, "solution_x": 5, "solution_y": 16}