{"photo_space_origin": [1444.0, 1196.0], "photo_space_incenter": [1858.0, 1601.0], "robot_state": {"photo_at_motor_position": [293850, 520018, 136000]}, "dest_photo_space_incenter": [12083.499671749461, 9290.458103171757], "dest_rotation": 1.5183045437130627, "solution_x": 20, "solution_y": 13}