{"photo_space_origin": [1965.0, 1168.0], "photo_space_incenter": [2136.0, 1801.0], "robot_state": {"photo_at_motor_position": [69508, 452938, 136000]}, "dest_photo_space_incenter": [7427.222038553075, 4444.459572887239], "dest_rotation": -3.144829826414956, "solution_x": 12, "solution_y": 6}