{"photo_space_origin": [1864.0, 1261.0], "photo_space_incenter": [2204.0, 1640.0], "robot_state": {"photo_at_motor_position": [108524, 497658, 136000]}, "dest_photo_space_incenter": [9659.909741679829, 17212.639581069197], "dest_rotation": -8.560388825621185, "solution_x": 16, "solution_y": 24}