{"photo_space_origin": [1258.0, 1030.0], "photo_space_incenter": [1864.0, 1444.0], "robot_state": {"photo_at_motor_position": [332866, 430578, 136000]}, "dest_photo_space_incenter": [19633.63157689494, 14177.710561288812], "dest_rotation": -1.9440101422653484, "solution_x": 33, "solution_y": 20}