{"photo_space_origin": [1099.0, 1095.0], "photo_space_incenter": [1448.0, 1608.0], "robot_state": {"photo_at_motor_position": [371882, 515546, 136000]}, "dest_photo_space_incenter": [12498.051560960486, 12082.43050915173], "dest_rotation": -4.319410110800275, "solution_x": 21, "solution_y": 17}