{"photo_space_origin": [1209.0, 1098.0], "photo_space_incenter": [1627.0, 1497.0], "robot_state": {"photo_at_motor_position": [186556, 376914, 136000]}, "dest_photo_space_incenter": [10125.892785868838, 1773.9080473954768], "dest_rotation": -1.679445806510519, "solution_x": 17, "solution_y": 2}