{"photo_space_origin": [1126.0, 1056.0], "photo_space_incenter": [1683.0, 1382.0], "robot_state": {"photo_at_motor_position": [59754, 435050, 136000]}, "dest_photo_space_incenter": [3655.2833585254557, 8730.021554874766], "dest_rotation": -2.1715712963412317, "solution_x": 6, "solution_y": 12}