{"photo_space_origin": [1500.0, 1090.0], "photo_space_incenter": [2075.0, 1437.0], "robot_state": {"photo_at_motor_position": [89016, 569210, 136000]}, "dest_photo_space_incenter": [13196.236934117882, 5825.829799306512], "dest_rotation": -1.3915207775481693, "solution_x": 22, "solution_y": 8}