{"photo_space_origin": [1191.0, 1260.0], "photo_space_incenter": [1523.0, 1621.0], "robot_state": {"photo_at_motor_position": [215818, 488714, 136000]}, "dest_photo_space_incenter": [838.0359611185972, 2896.096002215103], "dest_rotation": -5.203868120800476, "solution_x": 1, "solution_y": 4}