{"photo_space_origin": [1110.0, 1126.0], "photo_space_incenter": [1685.0, 1711.0], "robot_state": {"photo_at_motor_position": [196310, 376914, 136000]}, "dest_photo_space_incenter": [17170.938543453587, 2564.6516715514126], "dest_rotation": -4.074994458155405, "solution_x": 29, "solution_y": 3}