{"photo_space_origin": [1231.0, 900.0], "photo_space_incenter": [1607.0, 1261.0], "robot_state": {"photo_at_motor_position": [206064, 569210, 136000]}, "dest_photo_space_incenter": [5491.32762733068, 6066.41542522153], "dest_rotation": -0.6445171170927839, "solution_x": 9, "solution_y": 8}