{"photo_space_origin": [1940.0, 1126.0], "photo_space_incenter": [2208.0, 1516.0], "robot_state": {"photo_at_motor_position": [313358, 376914, 136000]}, "dest_photo_space_incenter": [10230.220796156002, 6791.714107240434], "dest_rotation": -1.326807668537661, "solution_x": 17, "solution_y": 9}