{"photo_space_origin": [1342.0, 1011.0], "photo_space_incenter": [1785.0, 1437.0], "robot_state": {"photo_at_motor_position": [167048, 443994, 136000]}, "dest_photo_space_incenter": [1411.9366153499202, 13711.253553167408], "dest_rotation": -4.798752411352791, "solution_x": 2, "solution_y": 19}