{"photo_space_origin": [1406.0, 1176.0], "photo_space_incenter": [1793.0, 1740.0], "robot_state": {"photo_at_motor_position": [157294, 443994, 136000]}, "dest_photo_space_incenter": [1475.9460830175099, 10185.743352108759], "dest_rotation": -6.244180065543845, "solution_x": 2, "solution_y": 14}