{"photo_space_origin": [1443.0, 862.0], "photo_space_incenter": [1941.0, 1324.0], "robot_state": {"photo_at_motor_position": [293850, 479770, 136000]}, "dest_photo_space_incenter": [10230.448488365466, 9321.59715117733], "dest_rotation": -9.02798250678315, "solution_x": 17, "solution_y": 13}