{"photo_space_origin": [1779.0, 1214.0], "photo_space_incenter": [2459.0, 1562.0], "robot_state": {"photo_at_motor_position": [254834, 497658, 136000]}, "dest_photo_space_incenter": [22573.73777550336, 11985.029408262897], "dest_rotation": -1.2199589816574616, "solution_x": 38, "solution_y": 17}