{"photo_space_origin": [1355.0, 1112.0], "photo_space_incenter": [1783.0, 1676.0], "robot_state": {"photo_at_motor_position": [167048, 372442, 136000]}, "dest_photo_space_incenter": [20745.264658261243, 969.5102999985623], "dest_rotation": -3.8305929502642826, "solution_x": 35, "solution_y": 1}