{"photo_space_origin": [1505.0, 803.0], "photo_space_incenter": [1875.0, 1202.0], "robot_state": {"photo_at_motor_position": [254834, 582626, 136000]}, "dest_photo_space_incenter": [15501.096342789742, 8613.158382455587], "dest_rotation": -5.770248776621078, "solution_x": 26, "solution_y": 12}