{"photo_space_origin": [1274.0, 881.0], "photo_space_incenter": [1591.0, 1323.0], "robot_state": {"photo_at_motor_position": [118278, 452938, 136000]}, "dest_photo_space_incenter": [8355.789354115068, 15008.865944520183], "dest_rotation": -4.7058384486083416, "solution_x": 14, "solution_y": 21}