{"photo_space_origin": [1436.0, 983.0], "photo_space_incenter": [1900.0, 1427.0], "robot_state": {"photo_at_motor_position": [391390, 573682, 136000]}, "dest_photo_space_incenter": [9604.549309463235, 11499.317025066073], "dest_rotation": 2.9821804134679333, "solution_x": 16, "solution_y": 16}