{"photo_space_origin": [1539.0, 1197.0], "photo_space_incenter": [2156.0, 1646.0], "robot_state": {"photo_at_motor_position": [284096, 524490, 136000]}, "dest_photo_space_incenter": [5515.874202614382, 10758.491535311043], "dest_rotation": -7.410568527429664, "solution_x": 9, "solution_y": 15}