{"photo_space_origin": [1729.0, 868.0], "photo_space_incenter": [2106.0, 1267.0], "robot_state": {"photo_at_motor_position": [371882, 417162, 136000]}, "dest_photo_space_incenter": [16579.474267582336, 11682.620200486519], "dest_rotation": -0.4015533243954401, "solution_x": 28, "solution_y": 16}