{"photo_space_origin": [1935.0, 1084.0], "photo_space_incenter": [2205.0, 1504.0], "robot_state": {"photo_at_motor_position": [284096, 511074, 136000]}, "dest_photo_space_incenter": [7400.8123981685885, 2973.7122261779427], "dest_rotation": -4.089073354147278, "solution_x": 12, "solution_y": 4}