{"photo_space_origin": [1846.0, 1241.0], "photo_space_incenter": [2154.0, 1635.0], "robot_state": {"photo_at_motor_position": [157294, 502130, 136000]}, "dest_photo_space_incenter": [6180.682529364413, 15788.913091715647], "dest_rotation": -9.020588872404243, "solution_x": 10, "solution_y": 22}