{"photo_space_origin": [1459.0, 950.0], "photo_space_incenter": [1888.0, 1472.0], "robot_state": {"photo_at_motor_position": [332866, 551322, 136000]}, "dest_photo_space_incenter": [4940.016319233748, 14460.907741156596], "dest_rotation": 3.0020609979781856, "solution_x": 8, "solution_y": 20}