{"photo_space_origin": [1761.0, 845.0], "photo_space_incenter": [2379.0, 1259.0], "robot_state": {"photo_at_motor_position": [157294, 488714, 136000]}, "dest_photo_space_incenter": [1401.5389688220362, 2454.7309965267223], "dest_rotation": -4.264513327996132, "solution_x": 2, "solution_y": 3}