{"photo_space_origin": [1692.0, 910.0], "photo_space_incenter": [2079.0, 1482.0], "robot_state": {"photo_at_motor_position": [362128, 350082, 136000]}, "dest_photo_space_incenter": [9668.72632994291, 7942.69071573347], "dest_rotation": -1.3271374061918404, "solution_x": 16, "solution_y": 11}