{"photo_space_origin": [1582.0, 969.0], "photo_space_incenter": [2048.0, 1377.0], "robot_state": {"photo_at_motor_position": [381636, 461882, 136000]}, "dest_photo_space_incenter": [18914.420674747358, 6522.597567970777], "dest_rotation": -0.4228882608968756, "solution_x": 32, "solution_y": 9}