{"photo_space_origin": [1595.0, 829.0], "photo_space_incenter": [1908.0, 1157.0], "robot_state": {"photo_at_motor_position": [118278, 497658, 136000]}, "dest_photo_space_incenter": [9642.434997548724, 16608.527818343464], "dest_rotation": -9.0706489532246, "solution_x": 16, "solution_y": 23}