{"photo_space_origin": [2007.0, 991.0], "photo_space_incenter": [2398.0, 1283.0], "robot_state": {"photo_at_motor_position": [89016, 412690, 136000]}, "dest_photo_space_incenter": [17721.878311989618, 1814.6674065617829], "dest_rotation": -1.4380025007891397, "solution_x": 30, "solution_y": 2}