{"photo_space_origin": [1295.0, 978.0], "photo_space_incenter": [1696.0, 1212.0], "robot_state": {"photo_at_motor_position": [98770, 542378, 136000]}, "dest_photo_space_incenter": [16213.020701232312, 4434.697330708439], "dest_rotation": -5.238454351445729, "solution_x": 27, "solution_y": 6}