{"photo_space_origin": [1231.0, 1113.0], "photo_space_incenter": [1520.0, 1643.0], "robot_state": {"photo_at_motor_position": [362128, 359026, 136000]}, "dest_photo_space_incenter": [19218.690907026838, 12687.31412330801], "dest_rotation": -3.9954239658779747, "solution_x": 32, "solution_y": 18}