{"photo_space_origin": [1888.0, 1020.0], "photo_space_incenter": [2262.0, 1307.0], "robot_state": {"photo_at_motor_position": [215818, 399274, 136000]}, "dest_photo_space_incenter": [7890.203773794605, 1006.9930168277342], "dest_rotation": -5.413181896649275, "solution_x": 13, "solution_y": 1}