{"photo_space_origin": [1086.0, 1071.0], "photo_space_incenter": [1409.0, 1505.0], "robot_state": {"photo_at_motor_position": [254834, 470826, 136000]}, "dest_photo_space_incenter": [23163.41690015793, 15066.064974809535], "dest_rotation": -2.7269727591139876, "solution_x": 39, "solution_y": 21}