{"photo_space_origin": [1115.0, 864.0], "photo_space_incenter": [1662.0, 1209.0], "robot_state": {"photo_at_motor_position": [332866, 555794, 136000]}, "dest_photo_space_incenter": [17874.780086831306, 5918.317794281226], "dest_rotation": -0.9363487042449057, "solution_x": 30, "solution_y": 8}