{"photo_space_origin": [1536.0, 1334.0], "photo_space_incenter": [1944.0, 1718.0], "robot_state": {"photo_at_motor_position": [381636, 475298, 136000]}, "dest_photo_space_incenter": [15342.665545405765, 3160.295291882305], "dest_rotation": -4.893957488562105, "solution_x": 26, "solution_y": 4}