{"photo_space_origin": [1409.0, 864.0], "photo_space_incenter": [1948.0, 1375.0], "robot_state": {"photo_at_motor_position": [303604, 367970, 136000]}, "dest_photo_space_incenter": [19167.791680444985, 12177.809265479731], "dest_rotation": -0.8758808116225971, "solution_x": 32, "solution_y": 17}