{"photo_space_origin": [1402.0, 1148.0], "photo_space_incenter": [1769.0, 1663.0], "robot_state": {"photo_at_motor_position": [128032, 475298, 136000]}, "dest_photo_space_incenter": [7225.382884912218, 15055.707933314068], "dest_rotation": -3.1099199060038654, "solution_x": 12, "solution_y": 21}