{"photo_space_origin": [1996.0, 1173.0], "photo_space_incenter": [2403.0, 1669.0], "robot_state": {"photo_at_motor_position": [176802, 350082, 136000]}, "dest_photo_space_incenter": [19598.959936530726, 2622.2379268154405], "dest_rotation": -6.137248551574215, "solution_x": 33, "solution_y": 3}