{"photo_space_origin": [1498.0, 817.0], "photo_space_incenter": [1921.0, 1248.0], "robot_state": {"photo_at_motor_position": [352374, 408218, 136000]}, "dest_photo_space_incenter": [3692.0211029843003, 14245.253837741351], "dest_rotation": -6.347096847748685, "solution_x": 6, "solution_y": 20}