{"photo_space_origin": [1082.0, 1115.0], "photo_space_incenter": [1508.0, 1515.0], "robot_state": {"photo_at_motor_position": [89016, 488714, 136000]}, "dest_photo_space_incenter": [2636.9542490934646, 10065.157011899963], "dest_rotation": -1.7654256437043083, "solution_x": 4, "solution_y": 14}