{"photo_space_origin": [1786.0, 1072.0], "photo_space_incenter": [2190.0, 1506.0], "robot_state": {"photo_at_motor_position": [371882, 376914, 136000]}, "dest_photo_space_incenter": [5060.561825945155, 12473.885047018408], "dest_rotation": -3.5474102430755208, "solution_x": 8, "solution_y": 17}