{"photo_space_origin": [1715.0, 1199.0], "photo_space_incenter": [2270.0, 1553.0], "robot_state": {"photo_at_motor_position": [381636, 520018, 136000]}, "dest_photo_space_incenter": [18005.29626986115, 12068.810969622135], "dest_rotation": -7.154871456018377, "solution_x": 30, "solution_y": 17}