{"photo_space_origin": [1133.0, 1245.0], "photo_space_incenter": [1496.0, 1602.0], "robot_state": {"photo_at_motor_position": [128032, 412690, 136000]}, "dest_photo_space_incenter": [856.6574627004661, 1047.396926399341], "dest_rotation": -4.361685404587879, "solution_x": 1, "solution_y": 1}