{"photo_space_origin": [1136.0, 1045.0], "photo_space_incenter": [1657.0, 1540.0], "robot_state": {"photo_at_motor_position": [157294, 430578, 136000]}, "dest_photo_space_incenter": [12496.247883744432, 6020.1543517983755], "dest_rotation": -1.0765029341120984, "solution_x": 21, "solution_y": 8}