{"photo_space_origin": [1512.0, 1151.0], "photo_space_incenter": [1864.0, 1426.0], "robot_state": {"photo_at_motor_position": [293850, 359026, 136000]}, "dest_photo_space_incenter": [22570.594932398806, 7144.512456839917], "dest_rotation": 1.0919532349546905, "solution_x": 38, "solution_y": 10}