{"photo_space_origin": [1166.0, 943.0], "photo_space_incenter": [1618.0, 1395.0], "robot_state": {"photo_at_motor_position": [254834, 502130, 136000]}, "dest_photo_space_incenter": [21495.25093773275, 12889.656164151704], "dest_rotation": -2.151796008233947, "solution_x": 36, "solution_y": 18}