{"photo_space_origin": [1681.0, 1195.0], "photo_space_incenter": [2112.0, 1551.0], "robot_state": {"photo_at_motor_position": [118278, 533434, 136000]}, "dest_photo_space_incenter": [15461.030129911904, 7519.696433848186], "dest_rotation": -1.9454741643563973, "solution_x": 26, "solution_y": 10}