{"photo_space_origin": [1375.0, 795.0], "photo_space_incenter": [1806.0, 1471.0], "robot_state": {"photo_at_motor_position": [342620, 493186, 136000]}, "dest_photo_space_incenter": [4336.060243510952, 12416.312190261806], "dest_rotation": -6.0859554891783505, "solution_x": 7, "solution_y": 17}