{"photo_space_origin": [1932.0, 1118.0], "photo_space_incenter": [2329.0, 1494.0], "robot_state": {"photo_at_motor_position": [284096, 475298, 136000]}, "dest_photo_space_incenter": [10773.922791303741, 3291.0615002154404], "dest_rotation": -1.4458350311747818, "solution_x": 18, "solution_y": 4}