{"photo_space_origin": [1231.0, 884.0], "photo_space_incenter": [1639.0, 1270.0], "robot_state": {"photo_at_motor_position": [196310, 466354, 136000]}, "dest_photo_space_incenter": [16048.92520636567, 6159.875155011028], "dest_rotation": -2.010303756889293, "solution_x": 27, "solution_y": 8}