{"photo_space_origin": [1382.0, 1058.0], "photo_space_incenter": [1780.0, 1550.0], "robot_state": {"photo_at_motor_position": [391390, 381386, 136000]}, "dest_photo_space_incenter": [14898.6492564587, 11713.854708626852], "dest_rotation": -6.063133913837657, "solution_x": 25, "solution_y": 16}