{"photo_space_origin": [1462.0, 1201.0], "photo_space_incenter": [1915.0, 1681.0], "robot_state": {"photo_at_motor_position": [235326, 551322, 136000]}, "dest_photo_space_incenter": [9005.494603496714, 10892.093972810213], "dest_rotation": -3.5228280732193675, "solution_x": 15, "solution_y": 15}