{"photo_space_origin": [2000.0, 1264.0], "photo_space_incenter": [2461.0, 1732.0], "robot_state": {"photo_at_motor_position": [303604, 381386, 136000]}, "dest_photo_space_incenter": [13136.867035335843, 7334.339817590824], "dest_rotation": -2.928537836487121, "solution_x": 22, "solution_y": 10}