{"photo_space_origin": [1169.0, 830.0], "photo_space_incenter": [1416.0, 1391.0], "robot_state": {"photo_at_motor_position": [313358, 511074, 136000]}, "dest_photo_space_incenter": [12437.418288485984, 8066.267366323251], "dest_rotation": -0.02412861673212907, "solution_x": 21, "solution_y": 11}