{"photo_space_origin": [1795.0, 1014.0], "photo_space_incenter": [2312.0, 1414.0], "robot_state": {"photo_at_motor_position": [371882, 511074, 136000]}, "dest_photo_space_incenter": [14373.23337641638, 4445.313609457743], "dest_rotation": -0.6928159973875792, "solution_x": 24, "solution_y": 6}