{"photo_space_origin": [1705.0, 1174.0], "photo_space_incenter": [2178.0, 1706.0], "robot_state": {"photo_at_motor_position": [108524, 533434, 136000]}, "dest_photo_space_incenter": [2000.3722377289319, 11529.89749687005], "dest_rotation": -2.5348149449870427, "solution_x": 3, "solution_y": 16}