{"photo_space_origin": [1390.0, 1089.0], "photo_space_incenter": [1843.0, 1607.0], "robot_state": {"photo_at_motor_position": [391390, 439522, 136000]}, "dest_photo_space_incenter": [14316.322904575714, 6961.262239706121], "dest_rotation": -0.18309808025071694, "solution_x": 24, "solution_y": 9}