{"photo_space_origin": [1975.0, 1103.0], "photo_space_incenter": [2384.0, 1532.0], "robot_state": {"photo_at_motor_position": [371882, 470826, 136000]}, "dest_photo_space_incenter": [7863.406420292246, 13105.316707218], "dest_rotation": -3.0878480583533126, "solution_x": 13, "solution_y": 18}