{"photo_space_origin": [1642.0, 986.0], "photo_space_incenter": [2056.0, 1485.0], "robot_state": {"photo_at_motor_position": [323112, 515546, 136000]}, "dest_photo_space_incenter": [2596.821243779654, 10702.943584645578], "dest_rotation": -4.335577736569911, "solution_x": 4, "solution_y": 15}