{"photo_space_origin": [1604.0, 991.0], "photo_space_incenter": [2047.0, 1374.0], "robot_state": {"photo_at_motor_position": [274342, 421634, 136000]}, "dest_photo_space_incenter": [22550.769491906016, 10761.422708622984], "dest_rotation": 1.1779741584595556, "solution_x": 38, "solution_y": 15}