{"photo_space_origin": [1201.0, 879.0], "photo_space_incenter": [1589.0, 1314.0], "robot_state": {"photo_at_motor_position": [274342, 515546, 136000]}, "dest_photo_space_incenter": [16261.726446907784, 12951.254637514332], "dest_rotation": -2.8764173370512447, "solution_x": 27, "solution_y": 18}