{"photo_space_origin": [1949.0, 1047.0], "photo_space_incenter": [2379.0, 1495.0], "robot_state": {"photo_at_motor_position": [313358, 520018, 136000]}, "dest_photo_space_incenter": [13181.878278255474, 3902.741531273948], "dest_rotation": -1.0078363612838221, "solution_x": 22, "solution_y": 5}