{"photo_space_origin": [1524.0, 744.0], "photo_space_incenter": [1956.0, 1371.0], "robot_state": {"photo_at_motor_position": [215818, 417162, 136000]}, "dest_photo_space_incenter": [215.77910481118624, 2995.440779198023], "dest_rotation": -4.395527443070555, "solution_x": 0, "solution_y": 4}