{"photo_space_origin": [1224.0, 967.0], "photo_space_incenter": [1765.0, 1102.0], "robot_state": {"photo_at_motor_position": [264588, 502130, 136000]}, "dest_photo_space_incenter": [17138.733982805803, 8682.113567971544], "dest_rotation": -1.4811262116233004, "solution_x": 29, "solution_y": 12}