{"photo_space_origin": [1824.0, 927.0], "photo_space_incenter": [2177.0, 1270.0], "robot_state": {"photo_at_motor_position": [206064, 528962, 136000]}, "dest_photo_space_incenter": [1482.8251958293786, 15807.269086917027], "dest_rotation": -3.462348377402272, "solution_x": 2, "solution_y": 22}