{"photo_space_origin": [1836.0, 1181.0], "photo_space_incenter": [2398.0, 1490.0], "robot_state": {"photo_at_motor_position": [157294, 475298, 136000]}, "dest_photo_space_incenter": [11514.56537551051, 9538.25231746982], "dest_rotation": -4.300229760488811, "solution_x": 19, "solution_y": 13}