{"photo_space_origin": [1545.0, 805.0], "photo_space_incenter": [1988.0, 1174.0], "robot_state": {"photo_at_motor_position": [274342, 524490, 136000]}, "dest_photo_space_incenter": [12067.719623175528, 8505.63717414614], "dest_rotation": -0.18777916930236804, "solution_x": 20, "solution_y": 12}