{"photo_space_origin": [1285.0, 1229.0], "photo_space_incenter": [1775.0, 1625.0], "robot_state": {"photo_at_motor_position": [69508, 555794, 136000]}, "dest_photo_space_incenter": [11372.728094492795, 14246.696950823967], "dest_rotation": -0.7011803928259353, "solution_x": 19, "solution_y": 20}