{"photo_space_origin": [1086.0, 988.0], "photo_space_incenter": [1612.0, 1397.0], "robot_state": {"photo_at_motor_position": [352374, 421634, 136000]}, "dest_photo_space_incenter": [20058.822145654798, 5168.730379571292], "dest_rotation": -1.2946255685389416, "solution_x": 34, "solution_y": 7}