{"photo_space_origin": [1982.0, 1270.0], "photo_space_incenter": [2367.0, 1724.0], "robot_state": {"photo_at_motor_position": [352374, 560266, 136000]}, "dest_photo_space_incenter": [2689.524746178643, 12965.326177766961], "dest_rotation": -7.600184954765993, "solution_x": 4, "solution_y": 18}