{"photo_space_origin": [1188.0, 719.0], "photo_space_incenter": [1467.0, 1087.0], "robot_state": {"photo_at_motor_position": [98770, 524490, 136000]}, "dest_photo_space_incenter": [4357.09896700822, 9903.981460851695], "dest_rotation": -5.748427976287788, "solution_x": 7, "solution_y": 14}