{"photo_space_origin": [1637.0, 1201.0], "photo_space_incenter": [2025.0, 1777.0], "robot_state": {"photo_at_motor_position": [293850, 587098, 136000]}, "dest_photo_space_incenter": [20106.011234001293, 4404.4163285616605], "dest_rotation": -3.240116496608217, "solution_x": 34, "solution_y": 6}