{"photo_space_origin": [1712.0, 1163.0], "photo_space_incenter": [2168.0, 1683.0], "robot_state": {"photo_at_motor_position": [98770, 533434, 136000]}, "dest_photo_space_incenter": [7192.450963291798, 12270.71224910385], "dest_rotation": 2.4624709025921687, "solution_x": 12, "solution_y": 17}