{"photo_space_origin": [1133.0, 1116.0], "photo_space_incenter": [1558.0, 1532.0], "robot_state": {"photo_at_motor_position": [293850, 372442, 136000]}, "dest_photo_space_incenter": [23176.181610107422, 10729.064974809535], "dest_rotation": -0.9280838613712343, "solution_x": 39, "solution_y": 15}