{"photo_space_origin": [1230.0, 984.0], "photo_space_incenter": [1592.0, 1309.0], "robot_state": {"photo_at_motor_position": [59754, 426106, 136000]}, "dest_photo_space_incenter": [10261.720001915688, 9989.954525803558], "dest_rotation": 1.0225588598794548, "solution_x": 17, "solution_y": 14}