{"photo_space_origin": [1763.0, 1328.0], "photo_space_incenter": [2137.0, 1627.0], "robot_state": {"photo_at_motor_position": [167048, 578154, 136000]}, "dest_photo_space_incenter": [4909.036539405353, 8088.986563766539], "dest_rotation": -1.897646892275595, "solution_x": 8, "solution_y": 11}