{"photo_space_origin": [1989.0, 1089.0], "photo_space_incenter": [2400.0, 1396.0], "robot_state": {"photo_at_motor_position": [293850, 385858, 136000]}, "dest_photo_space_incenter": [19525.312420875427, 10880.792315250117], "dest_rotation": -2.1130645207622867, "solution_x": 33, "solution_y": 15}