{"photo_space_origin": [1151.0, 1410.0], "photo_space_incenter": [1434.0, 1635.0], "robot_state": {"photo_at_motor_position": [196310, 520018, 136000]}, "dest_photo_space_incenter": [6096.177669641773, 15263.22153969212], "dest_rotation": -1.6839091836157367, "solution_x": 10, "solution_y": 21}