{"photo_space_origin": [1512.0, 809.0], "photo_space_incenter": [1883.0, 1271.0], "robot_state": {"photo_at_motor_position": [157294, 506602, 136000]}, "dest_photo_space_incenter": [6794.394905925732, 16475.147767284005], "dest_rotation": -8.625591966628523, "solution_x": 11, "solution_y": 23}