{"photo_space_origin": [1175.0, 881.0], "photo_space_incenter": [1609.0, 1245.0], "robot_state": {"photo_at_motor_position": [303604, 470826, 136000]}, "dest_photo_space_incenter": [11906.178296082011, 7329.434943573109], "dest_rotation": -0.8286541211944582, "solution_x": 20, "solution_y": 10}