{"photo_space_origin": [1205.0, 1145.0], "photo_space_incenter": [1619.0, 1663.0], "robot_state": {"photo_at_motor_position": [147540, 412690, 136000]}, "dest_photo_space_incenter": [4338.128949180222, 2410.2313417495325], "dest_rotation": -3.8343485259000856, "solution_x": 7, "solution_y": 3}