{"photo_space_origin": [1362.0, 771.0], "photo_space_incenter": [1845.0, 1201.0], "robot_state": {"photo_at_motor_position": [235326, 582626, 136000]}, "dest_photo_space_incenter": [18947.539009404303, 8173.978007842164], "dest_rotation": -3.454016182628875, "solution_x": 32, "solution_y": 11}