{"photo_space_origin": [1157.0, 1149.0], "photo_space_incenter": [1566.0, 1633.0], "robot_state": {"photo_at_motor_position": [293850, 399274, 136000]}, "dest_photo_space_incenter": [21903.277621046505, 9458.977621359618], "dest_rotation": 1.1182874976057828, "solution_x": 37, "solution_y": 13}