{"photo_space_origin": [1071.0, 1149.0], "photo_space_incenter": [1576.0, 1657.0], "robot_state": {"photo_at_motor_position": [118278, 511074, 136000]}, "dest_photo_space_incenter": [14267.909741679829, 17059.664177283492], "dest_rotation": -3.9131028210562744, "solution_x": 24, "solution_y": 24}