{"photo_space_origin": [1656.0, 1160.0], "photo_space_incenter": [2181.0, 1524.0], "robot_state": {"photo_at_motor_position": [274342, 537906, 136000]}, "dest_photo_space_incenter": [10313.651429711395, 10666.681815974729], "dest_rotation": -0.4535071497370726, "solution_x": 17, "solution_y": 15}