{"photo_space_origin": [1012.0, 1018.0], "photo_space_incenter": [1655.0, 1482.0], "robot_state": {"photo_at_motor_position": [186556, 493186, 136000]}, "dest_photo_space_incenter": [1487.5886083840776, 3968.061033564458], "dest_rotation": -4.20478050491968, "solution_x": 2, "solution_y": 5}