{"photo_space_origin": [1969.0, 812.0], "photo_space_incenter": [2268.0, 1347.0], "robot_state": {"photo_at_motor_position": [371882, 408218, 136000]}, "dest_photo_space_incenter": [14218.459495885556, 3111.5342184259107], "dest_rotation": -4.10851624537232, "solution_x": 24, "solution_y": 4}