{"photo_space_origin": [1088.0, 1092.0], "photo_space_incenter": [1472.0, 1618.0], "robot_state": {"photo_at_motor_position": [147540, 359026, 136000]}, "dest_photo_space_incenter": [16082.542064056448, 2476.8345738722282], "dest_rotation": -3.483722229557564, "solution_x": 27, "solution_y": 3}