{"photo_space_origin": [2000.0, 880.0], "photo_space_incenter": [2451.0, 1306.0], "robot_state": {"photo_at_motor_position": [167048, 528962, 136000]}, "dest_photo_space_incenter": [10805.339295031084, 15628.785281038403], "dest_rotation": -1.7807138336485355, "solution_x": 18, "solution_y": 22}