{"photo_space_origin": [1585.0, 1036.0], "photo_space_incenter": [1906.0, 1622.0], "robot_state": {"photo_at_motor_position": [381636, 528962, 136000]}, "dest_photo_space_incenter": [17361.540181610708, 13732.96409140982], "dest_rotation": -6.6515065794120325, "solution_x": 29, "solution_y": 19}