{"photo_space_origin": [1734.0, 1023.0], "photo_space_incenter": [2188.0, 1822.0], "robot_state": {"photo_at_motor_position": [303604, 533434, 136000]}, "dest_photo_space_incenter": [16673.672467445525, 5479.344273666638], "dest_rotation": -5.955409671358037, "solution_x": 28, "solution_y": 7}