{"photo_space_origin": [1125.0, 855.0], "photo_space_incenter": [1694.0, 1328.0], "robot_state": {"photo_at_motor_position": [79262, 582626, 136000]}, "dest_photo_space_incenter": [12460.633038328295, 4470.430170224645], "dest_rotation": -4.577460083886701, "solution_x": 21, "solution_y": 6}