{"photo_space_origin": [1998.0, 1268.0], "photo_space_incenter": [2419.0, 1696.0], "robot_state": {"photo_at_motor_position": [167048, 452938, 136000]}, "dest_photo_space_incenter": [17877.36609317771, 6766.84693136349], "dest_rotation": -5.942408760831433, "solution_x": 30, "solution_y": 9}