{"photo_space_origin": [1856.0, 982.0], "photo_space_incenter": [2081.0, 1525.0], "robot_state": {"photo_at_motor_position": [176802, 448466, 136000]}, "dest_photo_space_incenter": [3261.883411267925, 2935.6054021658247], "dest_rotation": -3.587061919719965, "solution_x": 5, "solution_y": 4}