{"photo_space_origin": [2002.0, 1176.0], "photo_space_incenter": [2382.0, 1523.0], "robot_state": {"photo_at_motor_position": [59754, 470826, 136000]}, "dest_photo_space_incenter": [12454.604597815252, 10074.270389918456], "dest_rotation": -5.976009330772712, "solution_x": 21, "solution_y": 14}