{"photo_space_origin": [1503.0, 973.0], "photo_space_incenter": [1857.0, 1252.0], "robot_state": {"photo_at_motor_position": [137786, 533434, 136000]}, "dest_photo_space_incenter": [15946.633761178098, 16554.10362344591], "dest_rotation": -2.3798765461914426, "solution_x": 27, "solution_y": 23}