{"photo_space_origin": [1741.0, 1133.0], "photo_space_incenter": [2073.0, 1472.0], "robot_state": {"photo_at_motor_position": [352374, 457410, 136000]}, "dest_photo_space_incenter": [6110.301787249107, 7530.88296760975], "dest_rotation": -1.642886812182035, "solution_x": 10, "solution_y": 10}