{"photo_space_origin": [1417.0, 887.0], "photo_space_incenter": [1870.0, 1440.0], "robot_state": {"photo_at_motor_position": [137786, 417162, 136000]}, "dest_photo_space_incenter": [222.90166332736976, 9464.440779198023], "dest_rotation": -4.537814466244753, "solution_x": 0, "solution_y": 13}