{"photo_space_origin": [1565.0, 1103.0], "photo_space_incenter": [1922.0, 1448.0], "robot_state": {"photo_at_motor_position": [381636, 578154, 136000]}, "dest_photo_space_incenter": [10826.364233939701, 3860.732503638813], "dest_rotation": -4.312597447832948, "solution_x": 18, "solution_y": 5}