{"photo_space_origin": [1123.0, 1167.0], "photo_space_incenter": [1778.0, 1564.0], "robot_state": {"photo_at_motor_position": [313358, 435050, 136000]}, "dest_photo_space_incenter": [14885.5685883308, 6793.445690880549], "dest_rotation": -3.075968292168757, "solution_x": 25, "solution_y": 9}