{"photo_space_origin": [1846.0, 773.0], "photo_space_incenter": [2208.0, 1243.0], "robot_state": {"photo_at_motor_position": [157294, 573682, 136000]}, "dest_photo_space_incenter": [9801.74182847208, 12346.678357679575], "dest_rotation": -9.141060201280794, "solution_x": 16, "solution_y": 17}