{"photo_space_origin": [1092.0, 960.0], "photo_space_incenter": [1550.0, 1511.0], "robot_state": {"photo_at_motor_position": [69508, 520018, 136000]}, "dest_photo_space_incenter": [16155.084416481026, 3823.235004966762], "dest_rotation": -2.879115194602645, "solution_x": 27, "solution_y": 5}