{"photo_space_origin": [1368.0, 1068.0], "photo_space_incenter": [2054.0, 1398.0], "robot_state": {"photo_at_motor_position": [69508, 484242, 136000]}, "dest_photo_space_incenter": [8459.034158847011, 8839.327676099196], "dest_rotation": -4.493282620194593, "solution_x": 14, "solution_y": 12}