{"photo_space_origin": [1478.0, 955.0], "photo_space_incenter": [2003.0, 1457.0], "robot_state": {"photo_at_motor_position": [293850, 466354, 136000]}, "dest_photo_space_incenter": [9018.888837406115, 11525.688525100026], "dest_rotation": -2.3430558267690733, "solution_x": 15, "solution_y": 16}