{"photo_space_origin": [1318.0, 1216.0], "photo_space_incenter": [1921.0, 1605.0], "robot_state": {"photo_at_motor_position": [332866, 390330, 136000]}, "dest_photo_space_incenter": [6642.474889004119, 11695.630309522145], "dest_rotation": -4.2637242706640155, "solution_x": 11, "solution_y": 16}