{"photo_space_origin": [1188.0, 1162.0], "photo_space_incenter": [1601.0, 1686.0], "robot_state": {"photo_at_motor_position": [254834, 578154, 136000]}, "dest_photo_space_incenter": [17254.266975206927, 11033.54044372067], "dest_rotation": 0.9008408613650243, "solution_x": 29, "solution_y": 15}