{"photo_space_origin": [1102.0, 1187.0], "photo_space_incenter": [1539.0, 1536.0], "robot_state": {"photo_at_motor_position": [59754, 466354, 136000]}, "dest_photo_space_incenter": [6071.359078319729, 10120.53773144098], "dest_rotation": -3.2581236049064852, "solution_x": 10, "solution_y": 14}