{"photo_space_origin": [1537.0, 1172.0], "photo_space_incenter": [2084.0, 1660.0], "robot_state": {"photo_at_motor_position": [323112, 587098, 136000]}, "dest_photo_space_incenter": [3222.117799879444, 12171.38665768977], "dest_rotation": -7.055021739308087, "solution_x": 5, "solution_y": 17}