{"photo_space_origin": [1022.0, 1140.0], "photo_space_incenter": [1510.0, 1530.0], "robot_state": {"photo_at_motor_position": [79262, 479770, 136000]}, "dest_photo_space_incenter": [6161.883667149242, 12848.502330748084], "dest_rotation": -4.681682895212297, "solution_x": 10, "solution_y": 18}