{"photo_space_origin": [1274.0, 1015.0], "photo_space_incenter": [1606.0, 1444.0], "robot_state": {"photo_at_motor_position": [59754, 515546, 136000]}, "dest_photo_space_incenter": [20679.202035376104, 4543.519699219172], "dest_rotation": -3.3258370535955883, "solution_x": 35, "solution_y": 6}