{"photo_space_origin": [2093.0, 1071.0], "photo_space_incenter": [2474.0, 1415.0], "robot_state": {"photo_at_motor_position": [225572, 385858, 136000]}, "dest_photo_space_incenter": [7930.877026312197, 1587.3308716448155], "dest_rotation": -6.03331468183546, "solution_x": 13, "solution_y": 2}