{"photo_space_origin": [1326.0, 892.0], "photo_space_incenter": [1929.0, 1323.0], "robot_state": {"photo_at_motor_position": [313358, 359026, 136000]}, "dest_photo_space_incenter": [20357.358470123378, 9455.961549743479], "dest_rotation": -0.14959525137550855, "solution_x": 34, "solution_y": 13}