{"photo_space_origin": [1821.0, 910.0], "photo_space_incenter": [2382.0, 1275.0], "robot_state": {"photo_at_motor_position": [69508, 537906, 136000]}, "dest_photo_space_incenter": [16156.2606500353, 6892.263527187567], "dest_rotation": -4.8597367918667, "solution_x": 27, "solution_y": 9}