{"photo_space_origin": [1231.0, 963.0], "photo_space_incenter": [1591.0, 1370.0], "robot_state": {"photo_at_motor_position": [59754, 582626, 136000]}, "dest_photo_space_incenter": [15486.352356847718, 12265.826189051313], "dest_rotation": -4.603410836847474, "solution_x": 26, "solution_y": 17}