{"photo_space_origin": [1455.0, 812.0], "photo_space_incenter": [1950.0, 1254.0], "robot_state": {"photo_at_motor_position": [147540, 394802, 136000]}, "dest_photo_space_incenter": [4952.262938421928, 1789.9258432903566], "dest_rotation": -2.156063163192368, "solution_x": 8, "solution_y": 2}