{"photo_space_origin": [1646.0, 1015.0], "photo_space_incenter": [2209.0, 1307.0], "robot_state": {"photo_at_motor_position": [215818, 528962, 136000]}, "dest_photo_space_incenter": [12022.909741679829, 17257.758674964156], "dest_rotation": -4.11736542901268, "solution_x": 20, "solution_y": 24}