{"photo_space_origin": [1468.0, 935.0], "photo_space_incenter": [1796.0, 1356.0], "robot_state": {"photo_at_motor_position": [264588, 350082, 136000]}, "dest_photo_space_incenter": [19038.53148104824, 15511.191392357408], "dest_rotation": -0.021930445812236243, "solution_x": 32, "solution_y": 22}