{"photo_space_origin": [1089.0, 736.0], "photo_space_incenter": [1422.0, 1399.0], "robot_state": {"photo_at_motor_position": [235326, 461882, 136000]}, "dest_photo_space_incenter": [1415.0846138651505, 11000.097555529817], "dest_rotation": -6.635908521632311, "solution_x": 2, "solution_y": 15}