{"photo_space_origin": [1375.0, 1136.0], "photo_space_incenter": [1815.0, 1701.0], "robot_state": {"photo_at_motor_position": [391390, 430578, 136000]}, "dest_photo_space_incenter": [5526.839386263443, 9493.47288568196], "dest_rotation": -6.7556565201323195, "solution_x": 9, "solution_y": 13}