{"photo_space_origin": [1610.0, 1233.0], "photo_space_incenter": [2044.0, 1528.0], "robot_state": {"photo_at_motor_position": [371882, 564738, 136000]}, "dest_photo_space_incenter": [17261.218430530196, 7284.341435962783], "dest_rotation": -1.1378023053938509, "solution_x": 29, "solution_y": 10}