{"photo_space_origin": [1205.0, 1290.0], "photo_space_incenter": [1866.0, 1642.0], "robot_state": {"photo_at_motor_position": [264588, 385858, 136000]}, "dest_photo_space_incenter": [19675.246989569016, 16508.663487537437], "dest_rotation": 1.8495230893949977, "solution_x": 33, "solution_y": 23}