{"photo_space_origin": [1174.0, 851.0], "photo_space_incenter": [1851.0, 1308.0], "robot_state": {"photo_at_motor_position": [59754, 408218, 136000]}, "dest_photo_space_incenter": [20278.937035211333, 12706.368213080985], "dest_rotation": -1.4890561138152059, "solution_x": 34, "solution_y": 18}