{"photo_space_origin": [1155.0, 1142.0], "photo_space_incenter": [1636.0, 1560.0], "robot_state": {"photo_at_motor_position": [59754, 390330, 136000]}, "dest_photo_space_incenter": [5958.972664994528, 8628.929928685076], "dest_rotation": -3.129586258055525, "solution_x": 10, "solution_y": 12}