{"photo_space_origin": [1946.0, 959.0], "photo_space_incenter": [2345.0, 1528.0], "robot_state": {"photo_at_motor_position": [128032, 399274, 136000]}, "dest_photo_space_incenter": [22432.088847047107, 2384.8426746984], "dest_rotation": -3.741392184903855, "solution_x": 38, "solution_y": 3}