{"photo_space_origin": [1732.0, 816.0], "photo_space_incenter": [2018.0, 1495.0], "robot_state": {"photo_at_motor_position": [147540, 479770, 136000]}, "dest_photo_space_incenter": [4334.1924492884555, 15818.63562204557], "dest_rotation": -6.47722670340505, "solution_x": 7, "solution_y": 22}