{"photo_space_origin": [1920.0, 779.0], "photo_space_incenter": [2319.0, 1325.0], "robot_state": {"photo_at_motor_position": [323112, 376914, 136000]}, "dest_photo_space_incenter": [20102.373248602387, 7331.356755739745], "dest_rotation": 0.5904131049285479, "solution_x": 34, "solution_y": 10}