{"photo_space_origin": [1231.0, 1314.0], "photo_space_incenter": [1819.0, 1635.0], "robot_state": {"photo_at_motor_position": [147540, 435050, 136000]}, "dest_photo_space_incenter": [788.0274252296438, 4418.061671266342], "dest_rotation": -1.6197107316339268, "solution_x": 1, "solution_y": 6}