{"photo_space_origin": [1953.0, 820.0], "photo_space_incenter": [2601.0, 1464.0], "robot_state": {"photo_at_motor_position": [362128, 452938, 136000]}, "dest_photo_space_incenter": [11369.3357263275, 5587.1249682176685], "dest_rotation": -5.474037665005613, "solution_x": 19, "solution_y": 7}