{"photo_space_origin": [1112.0, 1079.0], "photo_space_incenter": [1469.0, 1556.0], "robot_state": {"photo_at_motor_position": [362128, 430578, 136000]}, "dest_photo_space_incenter": [13755.297671397817, 13675.176943450746], "dest_rotation": -8.587241691264964, "solution_x": 23, "solution_y": 19}