{"photo_space_origin": [1376.0, 1154.0], "photo_space_incenter": [1846.0, 1680.0], "robot_state": {"photo_at_motor_position": [245080, 587098, 136000]}, "dest_photo_space_incenter": [13255.355415970156, 11560.312634555641], "dest_rotation": 2.905287712014359, "solution_x": 22, "solution_y": 16}