{"photo_space_origin": [1222.0, 1315.0], "photo_space_incenter": [1564.0, 1689.0], "robot_state": {"photo_at_motor_position": [352374, 528962, 136000]}, "dest_photo_space_incenter": [9143.16411551473, 7169.0141706481845], "dest_rotation": -2.8930629284920357, "solution_x": 15, "solution_y": 10}