{"photo_space_origin": [1326.0, 927.0], "photo_space_incenter": [1683.0, 1342.0], "robot_state": {"photo_at_motor_position": [176802, 385858, 136000]}, "dest_photo_space_incenter": [5746.853801684438, 2338.8648947059983], "dest_rotation": -4.636532836745434, "solution_x": 9, "solution_y": 3}