{"photo_space_origin": [2028.0, 1108.0], "photo_space_incenter": [2310.0, 1439.0], "robot_state": {"photo_at_motor_position": [342620, 350082, 136000]}, "dest_photo_space_incenter": [13684.396583238191, 7412.810251861847], "dest_rotation": -1.5692979478925624, "solution_x": 23, "solution_y": 10}