{"photo_space_origin": [2112.0, 1038.0], "photo_space_incenter": [2486.0, 1390.0], "robot_state": {"photo_at_motor_position": [206064, 439522, 136000]}, "dest_photo_space_incenter": [806.5755370566634, 13491.288602867697], "dest_rotation": -6.9333829610789595, "solution_x": 1, "solution_y": 19}