{"photo_space_origin": [1334.0, 1199.0], "photo_space_incenter": [1663.0, 1569.0], "robot_state": {"photo_at_motor_position": [118278, 403746, 136000]}, "dest_photo_space_incenter": [21887.558466386257, 2467.7265426512076], "dest_rotation": -2.4660074141834043, "solution_x": 37, "solution_y": 3}