{"photo_space_origin": [1136.0, 772.0], "photo_space_incenter": [1635.0, 1243.0], "robot_state": {"photo_at_motor_position": [176802, 555794, 136000]}, "dest_photo_space_incenter": [3796.4097416798286, 17054.64219610471], "dest_rotation": -3.6275883392272488, "solution_x": 6, "solution_y": 24}