{"photo_space_origin": [1472.0, 1116.0], "photo_space_incenter": [1830.0, 1566.0], "robot_state": {"photo_at_motor_position": [254834, 569210, 136000]}, "dest_photo_space_incenter": [5007.841259885719, 4828.778375590892], "dest_rotation": -2.03422747539722, "solution_x": 8, "solution_y": 6}