{"photo_space_origin": [1513.0, 1130.0], "photo_space_incenter": [1927.0, 1659.0], "robot_state": {"photo_at_motor_position": [206064, 359026, 136000]}, "dest_photo_space_incenter": [22389.763173523555, 3078.2038247539676], "dest_rotation": -4.819595721316849, "solution_x": 38, "solution_y": 4}