{"photo_space_origin": [1997.0, 936.0], "photo_space_incenter": [2375.0, 1563.0], "robot_state": {"photo_at_motor_position": [59754, 399274, 136000]}, "dest_photo_space_incenter": [10844.02864765136, 8159.374917348979], "dest_rotation": -0.17815864919686053, "solution_x": 18, "solution_y": 11}