{"photo_space_origin": [1280.0, 1127.0], "photo_space_incenter": [1720.0, 1560.0], "robot_state": {"photo_at_motor_position": [186556, 484242, 136000]}, "dest_photo_space_incenter": [3681.5, 374.046875], "dest_rotation": -1.6652282826647042, "solution_x": 6, "solution_y": 0}