{"photo_space_origin": [1484.0, 1116.0], "photo_space_incenter": [2045.0, 1477.0], "robot_state": {"photo_at_motor_position": [352374, 587098, 136000]}, "dest_photo_space_incenter": [15397.299550363241, 13640.199474593672], "dest_rotation": 2.905553536016373, "solution_x": 26, "solution_y": 19}