{"photo_space_origin": [1501.0, 970.0], "photo_space_incenter": [1985.0, 1372.0], "robot_state": {"photo_at_motor_position": [313358, 479770, 136000]}, "dest_photo_space_incenter": [3161.817408351346, 8699.726851723286], "dest_rotation": -6.451451277540897, "solution_x": 5, "solution_y": 12}