{"photo_space_origin": [1593.0, 1149.0], "photo_space_incenter": [1975.0, 1481.0], "robot_state": {"photo_at_motor_position": [167048, 461882, 136000]}, "dest_photo_space_incenter": [7889.733660663345, 9907.093163685604], "dest_rotation": -6.665297409595162, "solution_x": 13, "solution_y": 14}