{"photo_space_origin": [1520.0, 790.0], "photo_space_incenter": [2117.0, 1435.0], "robot_state": {"photo_at_motor_position": [303604, 551322, 136000]}, "dest_photo_space_incenter": [14232.34517566264, 13419.960435739544], "dest_rotation": -2.4079224607043432, "solution_x": 24, "solution_y": 19}