{"photo_space_origin": [1231.0, 1083.0], "photo_space_incenter": [1712.0, 1505.0], "robot_state": {"photo_at_motor_position": [293850, 430578, 136000]}, "dest_photo_space_incenter": [22507.476613959076, 8802.92684531713], "dest_rotation": -4.797856304666246, "solution_x": 38, "solution_y": 12}