{"photo_space_origin": [1897.0, 714.0], "photo_space_incenter": [2236.0, 1115.0], "robot_state": {"photo_at_motor_position": [352374, 502130, 136000]}, "dest_photo_space_incenter": [15033.814272085885, 6222.629142054976], "dest_rotation": -3.223913250988377, "solution_x": 25, "solution_y": 8}