{"photo_space_origin": [1578.0, 1276.0], "photo_space_incenter": [2147.0, 1627.0], "robot_state": {"photo_at_motor_position": [274342, 569210, 136000]}, "dest_photo_space_incenter": [6635.623313573846, 3115.5680348554542], "dest_rotation": -2.69194673204884, "solution_x": 11, "solution_y": 4}