{"photo_space_origin": [1566.0, 1107.0], "photo_space_incenter": [2009.0, 1515.0], "robot_state": {"photo_at_motor_position": [186556, 573682, 136000]}, "dest_photo_space_incenter": [9106.649724186374, 13566.3821397588], "dest_rotation": -0.1809966467605526, "solution_x": 15, "solution_y": 19}