{"photo_space_origin": [1089.0, 1013.0], "photo_space_incenter": [1552.0, 1438.0], "robot_state": {"photo_at_motor_position": [284096, 435050, 136000]}, "dest_photo_space_incenter": [17144.305819672903, 16421.545090188363], "dest_rotation": -4.823000448171913, "solution_x": 29, "solution_y": 23}