{"photo_space_origin": [1949.0, 1207.0], "photo_space_incenter": [2313.0, 1644.0], "robot_state": {"photo_at_motor_position": [69508, 359026, 136000]}, "dest_photo_space_incenter": [6730.915245853992, 10136.488653406775], "dest_rotation": -7.673832280749515, "solution_x": 11, "solution_y": 14}