{"photo_space_origin": [1549.0, 769.0], "photo_space_incenter": [1926.0, 1487.0], "robot_state": {"photo_at_motor_position": [391390, 582626, 136000]}, "dest_photo_space_incenter": [16656.197182689568, 8204.762438993337], "dest_rotation": -6.201179964188427, "solution_x": 28, "solution_y": 11}