{"photo_space_origin": [1190.0, 971.0], "photo_space_incenter": [1643.0, 1368.0], "robot_state": {"photo_at_motor_position": [59754, 484242, 136000]}, "dest_photo_space_incenter": [16602.720589622077, 9564.614212138296], "dest_rotation": -1.2350242354747083, "solution_x": 28, "solution_y": 13}