{"photo_space_origin": [1729.0, 986.0], "photo_space_incenter": [1994.0, 1397.0], "robot_state": {"photo_at_motor_position": [245080, 363498, 136000]}, "dest_photo_space_incenter": [21194.20476870631, 2874.5398836184163], "dest_rotation": 0.5732047445597499, "solution_x": 36, "solution_y": 4}