{"photo_space_origin": [1358.0, 1293.0], "photo_space_incenter": [1761.0, 1711.0], "robot_state": {"photo_at_motor_position": [137786, 350082, 136000]}, "dest_photo_space_incenter": [13826.540238060346, 1160.48673508094], "dest_rotation": -1.4879677333861732, "solution_x": 23, "solution_y": 1}