{"photo_space_origin": [1182.0, 980.0], "photo_space_incenter": [1708.0, 1472.0], "robot_state": {"photo_at_motor_position": [362128, 470826, 136000]}, "dest_photo_space_incenter": [16620.087566722024, 7331.333300640538], "dest_rotation": -2.8257075345886546, "solution_x": 28, "solution_y": 10}