{"photo_space_origin": [1472.0, 1207.0], "photo_space_incenter": [2058.0, 1617.0], "robot_state": {"photo_at_motor_position": [274342, 587098, 136000]}, "dest_photo_space_incenter": [6139.599232291586, 9267.00530856147], "dest_rotation": -6.947671662405584, "solution_x": 10, "solution_y": 13}