{"photo_space_origin": [1261.0, 1039.0], "photo_space_incenter": [1694.0, 1502.0], "robot_state": {"photo_at_motor_position": [206064, 394802, 136000]}, "dest_photo_space_incenter": [11342.5, 598.5388240814209], "dest_rotation": -3.3455541072652686, "solution_x": 19, "solution_y": 0}