{"photo_space_origin": [1576.0, 1155.0], "photo_space_incenter": [1943.0, 1483.0], "robot_state": {"photo_at_motor_position": [323112, 537906, 136000]}, "dest_photo_space_incenter": [11752.804234580188, 3253.6920757654525], "dest_rotation": -1.310935586982625, "solution_x": 20, "solution_y": 4}