{"photo_space_origin": [1206.0, 681.0], "photo_space_incenter": [1580.0, 1320.0], "robot_state": {"photo_at_motor_position": [186556, 408218, 136000]}, "dest_photo_space_incenter": [359.55820962237254, 3811.440779198023], "dest_rotation": -6.324885736561576, "solution_x": 0, "solution_y": 5}