{"photo_space_origin": [1465.0, 917.0], "photo_space_incenter": [1798.0, 1404.0], "robot_state": {"photo_at_motor_position": [303604, 408218, 136000]}, "dest_photo_space_incenter": [15427.812758105883, 14157.762982451302], "dest_rotation": 1.1793528743429595, "solution_x": 26, "solution_y": 20}