{"photo_space_origin": [1993.0, 906.0], "photo_space_incenter": [2413.0, 1387.0], "robot_state": {"photo_at_motor_position": [98770, 417162, 136000]}, "dest_photo_space_incenter": [20180.02931652249, 966.4612045682904], "dest_rotation": -5.74088076528798, "solution_x": 34, "solution_y": 1}