{"photo_space_origin": [1247.0, 1084.0], "photo_space_incenter": [1631.0, 1552.0], "robot_state": {"photo_at_motor_position": [59754, 573682, 136000]}, "dest_photo_space_incenter": [10802.41119290414, 12385.987710961723], "dest_rotation": -6.464535644252766, "solution_x": 18, "solution_y": 17}