{"photo_space_origin": [2017.0, 775.0], "photo_space_incenter": [2305.0, 1162.0], "robot_state": {"photo_at_motor_position": [245080, 524490, 136000]}, "dest_photo_space_incenter": [13042.634039509841, 9597.89582375668], "dest_rotation": -3.1653994465796056, "solution_x": 22, "solution_y": 13}