{"photo_space_origin": [1039.0, 902.0], "photo_space_incenter": [1420.0, 1356.0], "robot_state": {"photo_at_motor_position": [196310, 457410, 136000]}, "dest_photo_space_incenter": [23187.0, 1194.5649748095348], "dest_rotation": -1.9677559684982282, "solution_x": 39, "solution_y": 1}