{"photo_space_origin": [1216.0, 876.0], "photo_space_incenter": [1661.0, 1361.0], "robot_state": {"photo_at_motor_position": [362128, 511074, 136000]}, "dest_photo_space_incenter": [16807.66655119497, 13013.873308292621], "dest_rotation": 0.05974600938143748, "solution_x": 28, "solution_y": 18}