{"photo_space_origin": [1654.0, 1276.0], "photo_space_incenter": [2154.0, 1686.0], "robot_state": {"photo_at_motor_position": [69508, 564738, 136000]}, "dest_photo_space_incenter": [13149.225984491333, 5182.505246814648], "dest_rotation": -1.5962350884549554, "solution_x": 22, "solution_y": 7}