{"photo_space_origin": [2014.0, 1066.0], "photo_space_incenter": [2296.0, 1535.0], "robot_state": {"photo_at_motor_position": [371882, 520018, 136000]}, "dest_photo_space_incenter": [4959.4602375772765, 10999.269687126132], "dest_rotation": -6.8024156289664734, "solution_x": 8, "solution_y": 15}