{"photo_space_origin": [1208.0, 765.0], "photo_space_incenter": [1667.0, 1311.0], "robot_state": {"photo_at_motor_position": [264588, 372442, 136000]}, "dest_photo_space_incenter": [19056.078365624424, 16302.312147840152], "dest_rotation": -4.087274703297031, "solution_x": 32, "solution_y": 23}