{"photo_space_origin": [1715.0, 900.0], "photo_space_incenter": [2091.0, 1304.0], "robot_state": {"photo_at_motor_position": [176802, 426106, 136000]}, "dest_photo_space_incenter": [9491.710335875514, 1874.130938587853], "dest_rotation": -0.7766729037679356, "solution_x": 16, "solution_y": 2}