{"photo_space_origin": [1346.0, 1114.0], "photo_space_incenter": [1648.0, 1735.0], "robot_state": {"photo_at_motor_position": [323112, 399274, 136000]}, "dest_photo_space_incenter": [13831.139325837812, 11400.282805151013], "dest_rotation": -9.240915681692627, "solution_x": 23, "solution_y": 16}