{"photo_space_origin": [1400.0, 1061.0], "photo_space_incenter": [2128.0, 1472.0], "robot_state": {"photo_at_motor_position": [225572, 412690, 136000]}, "dest_photo_space_incenter": [7255.0, 222.969482421875], "dest_rotation": -1.8853006312116416, "solution_x": 12, "solution_y": 0}