{"photo_space_origin": [1292.0, 913.0], "photo_space_incenter": [1735.0, 1320.0], "robot_state": {"photo_at_motor_position": [313358, 350082, 136000]}, "dest_photo_space_incenter": [9624.95062060892, 3212.1075532026703], "dest_rotation": -4.543583297047793, "solution_x": 16, "solution_y": 4}