{"photo_space_origin": [1784.0, 781.0], "photo_space_incenter": [2090.0, 1430.0], "robot_state": {"photo_at_motor_position": [254834, 551322, 136000]}, "dest_photo_space_incenter": [19734.870453444735, 12655.944930063624], "dest_rotation": -3.0015444093726673, "solution_x": 33, "solution_y": 18}