{"photo_space_origin": [1955.0, 929.0], "photo_space_incenter": [2410.0, 1383.0], "robot_state": {"photo_at_motor_position": [69508, 511074, 136000]}, "dest_photo_space_incenter": [13635.832137503314, 10769.737143755825], "dest_rotation": -6.66574372993053, "solution_x": 23, "solution_y": 15}