{"photo_space_origin": [1877.0, 878.0], "photo_space_incenter": [2425.0, 1298.0], "robot_state": {"photo_at_motor_position": [147540, 502130, 136000]}, "dest_photo_space_incenter": [6662.409741679829, 17230.03605625515], "dest_rotation": -4.137479711979479, "solution_x": 11, "solution_y": 24}