{"photo_space_origin": [1510.0, 1011.0], "photo_space_incenter": [1882.0, 1672.0], "robot_state": {"photo_at_motor_position": [176802, 466354, 136000]}, "dest_photo_space_incenter": [5605.0, 198.755859375], "dest_rotation": -3.3122707189425022, "solution_x": 9, "solution_y": 0}