{"photo_space_origin": [1278.0, 1250.0], "photo_space_incenter": [1857.0, 1594.0], "robot_state": {"photo_at_motor_position": [313358, 560266, 136000]}, "dest_photo_space_incenter": [14843.920173113418, 10066.975068162414], "dest_rotation": -7.337707965240956, "solution_x": 25, "solution_y": 14}