{"photo_space_origin": [2023.0, 980.0], "photo_space_incenter": [2409.0, 1574.0], "robot_state": {"photo_at_motor_position": [98770, 560266, 136000]}, "dest_photo_space_incenter": [19532.213386317435, 8921.617685317666], "dest_rotation": 0.2979512674977993, "solution_x": 33, "solution_y": 12}