{"photo_space_origin": [1387.0, 925.0], "photo_space_incenter": [1735.0, 1295.0], "robot_state": {"photo_at_motor_position": [108524, 372442, 136000]}, "dest_photo_space_incenter": [15369.686404514086, 2598.8615606810877], "dest_rotation": -6.36772598237981, "solution_x": 26, "solution_y": 3}