{"photo_space_origin": [1855.0, 830.0], "photo_space_incenter": [2264.0, 1210.0], "robot_state": {"photo_at_motor_position": [98770, 470826, 136000]}, "dest_photo_space_incenter": [9693.401605312407, 15187.260149345611], "dest_rotation": 2.828006828803165, "solution_x": 16, "solution_y": 21}