{"photo_space_origin": [1279.0, 1303.0], "photo_space_incenter": [1661.0, 1738.0], "robot_state": {"photo_at_motor_position": [323112, 578154, 136000]}, "dest_photo_space_incenter": [13820.727001677918, 12126.85400410544], "dest_rotation": -7.631611819402124, "solution_x": 23, "solution_y": 17}