{"photo_space_origin": [1874.0, 987.0], "photo_space_incenter": [2237.0, 1475.0], "robot_state": {"photo_at_motor_position": [137786, 479770, 136000]}, "dest_photo_space_incenter": [4869.106029739514, 15230.391056584303], "dest_rotation": -6.623236048391444, "solution_x": 8, "solution_y": 21}