{"photo_space_origin": [1549.0, 1011.0], "photo_space_incenter": [2018.0, 1510.0], "robot_state": {"photo_at_motor_position": [206064, 417162, 136000]}, "dest_photo_space_incenter": [917.82237090021, 6706.407915744576], "dest_rotation": -6.761940541415137, "solution_x": 1, "solution_y": 9}