{"photo_space_origin": [1345.0, 1202.0], "photo_space_incenter": [1881.0, 1705.0], "robot_state": {"photo_at_motor_position": [371882, 359026, 136000]}, "dest_photo_space_incenter": [4917.897233472076, 3097.998836784439], "dest_rotation": -4.244744153222946, "solution_x": 8, "solution_y": 4}