{"photo_space_origin": [1192.0, 958.0], "photo_space_incenter": [1653.0, 1298.0], "robot_state": {"photo_at_motor_position": [59754, 399274, 136000]}, "dest_photo_space_incenter": [2507.281828293006, 5846.1631589914605], "dest_rotation": -7.868125126593522, "solution_x": 4, "solution_y": 8}