{"photo_space_origin": [1376.0, 1166.0], "photo_space_incenter": [1902.0, 1470.0], "robot_state": {"photo_at_motor_position": [254834, 417162, 136000]}, "dest_photo_space_incenter": [21610.805855777406, 14266.736703286679], "dest_rotation": 0.9302298737600037, "solution_x": 36, "solution_y": 20}