{"photo_space_origin": [1957.0, 1047.0], "photo_space_incenter": [2343.0, 1633.0], "robot_state": {"photo_at_motor_position": [128032, 542378, 136000]}, "dest_photo_space_incenter": [2017.755420001039, 15896.699185630323], "dest_rotation": -7.050553199187219, "solution_x": 3, "solution_y": 22}