{"photo_space_origin": [1237.0, 842.0], "photo_space_incenter": [1509.0, 1418.0], "robot_state": {"photo_at_motor_position": [264588, 573682, 136000]}, "dest_photo_space_incenter": [11980.380024836377, 10255.333099505948], "dest_rotation": -6.7540325931633465, "solution_x": 20, "solution_y": 14}