{"photo_space_origin": [1342.0, 920.0], "photo_space_incenter": [1871.0, 1315.0], "robot_state": {"photo_at_motor_position": [108524, 502130, 136000]}, "dest_photo_space_incenter": [14479.504648848371, 15748.12035609731], "dest_rotation": 0.8644556766896541, "solution_x": 24, "solution_y": 22}