{"photo_space_origin": [1822.0, 1022.0], "photo_space_incenter": [2429.0, 1557.0], "robot_state": {"photo_at_motor_position": [206064, 350082, 136000]}, "dest_photo_space_incenter": [23214.25, 1749.0649748095348], "dest_rotation": -0.9331507138632058, "solution_x": 39, "solution_y": 2}