{"photo_space_origin": [1784.0, 1105.0], "photo_space_incenter": [2165.0, 1728.0], "robot_state": {"photo_at_motor_position": [254834, 528962, 136000]}, "dest_photo_space_incenter": [10922.176974815246, 9541.239776551101], "dest_rotation": -1.07458561714747, "solution_x": 18, "solution_y": 13}