{"photo_space_origin": [1089.0, 1192.0], "photo_space_incenter": [1480.0, 1587.0], "robot_state": {"photo_at_motor_position": [69508, 421634, 136000]}, "dest_photo_space_incenter": [6598.0689791081695, 7973.067635309886], "dest_rotation": -1.2179033531565737, "solution_x": 11, "solution_y": 11}