{"photo_space_origin": [1243.0, 1025.0], "photo_space_incenter": [1702.0, 1430.0], "robot_state": {"photo_at_motor_position": [342620, 372442, 136000]}, "dest_photo_space_incenter": [20233.837445011533, 6722.1216276088], "dest_rotation": -3.3811034629240755, "solution_x": 34, "solution_y": 9}