{"photo_space_origin": [1975.0, 821.0], "photo_space_incenter": [2537.0, 1489.0], "robot_state": {"photo_at_motor_position": [293850, 497658, 136000]}, "dest_photo_space_incenter": [18560.024904667425, 14138.916578156455], "dest_rotation": -8.752988430434566, "solution_x": 31, "solution_y": 20}