{"photo_space_origin": [1267.0, 1025.0], "photo_space_incenter": [1766.0, 1444.0], "robot_state": {"photo_at_motor_position": [176802, 367970, 136000]}, "dest_photo_space_incenter": [20764.298467902787, 1655.741867879376], "dest_rotation": -0.7202751955796711, "solution_x": 35, "solution_y": 2}