{"photo_space_origin": [1514.0, 1248.0], "photo_space_incenter": [1869.0, 1572.0], "robot_state": {"photo_at_motor_position": [98770, 587098, 136000]}, "dest_photo_space_incenter": [14860.498248339925, 10840.671358524683], "dest_rotation": -5.568617008316599, "solution_x": 25, "solution_y": 15}