{"photo_space_origin": [1696.0, 817.0], "photo_space_incenter": [2157.0, 1376.0], "robot_state": {"photo_at_motor_position": [118278, 515546, 136000]}, "dest_photo_space_incenter": [14339.375244117113, 16356.656109600019], "dest_rotation": 2.559615847176307, "solution_x": 24, "solution_y": 23}