{"photo_space_origin": [1104.0, 1107.0], "photo_space_incenter": [1471.0, 1530.0], "robot_state": {"photo_at_motor_position": [284096, 515546, 136000]}, "dest_photo_space_incenter": [6888.139473052002, 4432.06022060779], "dest_rotation": -4.48310063200428, "solution_x": 11, "solution_y": 6}