{"photo_space_origin": [1029.0, 939.0], "photo_space_incenter": [1590.0, 1486.0], "robot_state": {"photo_at_motor_position": [147540, 497658, 136000]}, "dest_photo_space_incenter": [7909.409741679829, 17226.449300591994], "dest_rotation": -5.240582760552726, "solution_x": 13, "solution_y": 24}