{"photo_space_origin": [1895.0, 978.0], "photo_space_incenter": [2424.0, 1559.0], "robot_state": {"photo_at_motor_position": [128032, 376914, 136000]}, "dest_photo_space_incenter": [18461.5, 331.950326861348], "dest_rotation": -2.936852000229646, "solution_x": 31, "solution_y": 0}