{"photo_space_origin": [1313.0, 1193.0], "photo_space_incenter": [1805.0, 1628.0], "robot_state": {"photo_at_motor_position": [89016, 470826, 136000]}, "dest_photo_space_incenter": [21335.13232913062, 1131.1449988564898], "dest_rotation": -4.900208323366424, "solution_x": 36, "solution_y": 1}