{"photo_space_origin": [1379.0, 1293.0], "photo_space_incenter": [1844.0, 1720.0], "robot_state": {"photo_at_motor_position": [157294, 484242, 136000]}, "dest_photo_space_incenter": [14335.702248240439, 12806.102065438377], "dest_rotation": -3.0822860755448396, "solution_x": 24, "solution_y": 18}