{"photo_space_origin": [1930.0, 1146.0], "photo_space_incenter": [2325.0, 1538.0], "robot_state": {"photo_at_motor_position": [118278, 484242, 136000]}, "dest_photo_space_incenter": [7825.235205898076, 15230.859549865898], "dest_rotation": -2.875290928249229, "solution_x": 13, "solution_y": 21}