{"photo_space_origin": [1118.0, 872.0], "photo_space_incenter": [1541.0, 1262.0], "robot_state": {"photo_at_motor_position": [69508, 376914, 136000]}, "dest_photo_space_incenter": [16744.072104747458, 10439.837552669964], "dest_rotation": -1.6000188050238346, "solution_x": 28, "solution_y": 14}