{"photo_space_origin": [1428.0, 1185.0], "photo_space_incenter": [2120.0, 1585.0], "robot_state": {"photo_at_motor_position": [274342, 359026, 136000]}, "dest_photo_space_incenter": [21600.82852417425, 10135.107221040013], "dest_rotation": 0.5028391280155526, "solution_x": 36, "solution_y": 14}