{"photo_space_origin": [1753.0, 842.0], "photo_space_incenter": [2238.0, 1339.0], "robot_state": {"photo_at_motor_position": [235326, 354554, 136000]}, "dest_photo_space_incenter": [22467.615961761778, 3904.884399781751], "dest_rotation": -3.031932054487461, "solution_x": 38, "solution_y": 5}