{"photo_space_origin": [1677.0, 842.0], "photo_space_incenter": [2065.0, 1233.0], "robot_state": {"photo_at_motor_position": [137786, 488714, 136000]}, "dest_photo_space_incenter": [7289.53056392636, 15692.556316762239], "dest_rotation": -0.08675608634999366, "solution_x": 12, "solution_y": 22}