{"photo_space_origin": [1909.0, 1244.0], "photo_space_incenter": [2207.0, 1745.0], "robot_state": {"photo_at_motor_position": [69508, 573682, 136000]}, "dest_photo_space_incenter": [7910.821252365977, 6133.37294430934], "dest_rotation": -0.9070086295647721, "solution_x": 13, "solution_y": 8}