{"photo_space_origin": [1340.0, 883.0], "photo_space_incenter": [1806.0, 1301.0], "robot_state": {"photo_at_motor_position": [147540, 551322, 136000]}, "dest_photo_space_incenter": [10836.510765155412, 16457.117923906604], "dest_rotation": -2.003143319306038, "solution_x": 18, "solution_y": 23}