{"photo_space_origin": [1234.0, 988.0], "photo_space_incenter": [1604.0, 1411.0], "robot_state": {"photo_at_motor_position": [137786, 497658, 136000]}, "dest_photo_space_incenter": [9146.172369614276, 16564.815048141416], "dest_rotation": -3.0440571990390057, "solution_x": 15, "solution_y": 23}