{"photo_space_origin": [1180.0, 1207.0], "photo_space_incenter": [1544.0, 1630.0], "robot_state": {"photo_at_motor_position": [254834, 546850, 136000]}, "dest_photo_space_incenter": [10245.803197602692, 7268.082689126454], "dest_rotation": -0.9176711020071995, "solution_x": 17, "solution_y": 10}