{"photo_space_origin": [1450.0, 869.0], "photo_space_incenter": [1925.0, 1303.0], "robot_state": {"photo_at_motor_position": [391390, 466354, 136000]}, "dest_photo_space_incenter": [7331.668446441348, 9461.54158598279], "dest_rotation": -4.219420950098869, "solution_x": 12, "solution_y": 13}