{"photo_space_origin": [1488.0, 940.0], "photo_space_incenter": [1774.0, 1549.0], "robot_state": {"photo_at_motor_position": [98770, 372442, 136000]}, "dest_photo_space_incenter": [13790.00622683181, 2368.4496898119914], "dest_rotation": -3.7209429356262667, "solution_x": 23, "solution_y": 3}