{"photo_space_origin": [1565.0, 1078.0], "photo_space_incenter": [2039.0, 1805.0], "robot_state": {"photo_at_motor_position": [303604, 506602, 136000]}, "dest_photo_space_incenter": [2629.4558857956026, 12411.881789312401], "dest_rotation": -5.941638875245831, "solution_x": 4, "solution_y": 17}