{"photo_space_origin": [1085.0, 1037.0], "photo_space_incenter": [1499.0, 1626.0], "robot_state": {"photo_at_motor_position": [371882, 488714, 136000]}, "dest_photo_space_incenter": [4184.098523143077, 3085.419081048934], "dest_rotation": -4.562345092240317, "solution_x": 7, "solution_y": 4}