{"photo_space_origin": [1217.0, 833.0], "photo_space_incenter": [1773.0, 1296.0], "robot_state": {"photo_at_motor_position": [323112, 555794, 136000]}, "dest_photo_space_incenter": [9215.73524829515, 14462.485017602312], "dest_rotation": 0.6797335961705557, "solution_x": 15, "solution_y": 20}