{"photo_space_origin": [1761.0, 1179.0], "photo_space_incenter": [2278.0, 1723.0], "robot_state": {"photo_at_motor_position": [215818, 560266, 136000]}, "dest_photo_space_incenter": [8542.980247564454, 9559.364446350275], "dest_rotation": -5.882591544676613, "solution_x": 14, "solution_y": 13}