{"photo_space_origin": [1587.0, 1194.0], "photo_space_incenter": [1862.0, 1590.0], "robot_state": {"photo_at_motor_position": [215818, 359026, 136000]}, "dest_photo_space_incenter": [23201.4375, 3161.5649748095348], "dest_rotation": -3.320820860357623, "solution_x": 39, "solution_y": 4}