{"photo_space_origin": [1874.0, 948.0], "photo_space_incenter": [2426.0, 1266.0], "robot_state": {"photo_at_motor_position": [167048, 582626, 136000]}, "dest_photo_space_incenter": [2526.700476433357, 7149.609710986499], "dest_rotation": -6.828508186555635, "solution_x": 4, "solution_y": 10}