{"photo_space_origin": [1863.0, 1226.0], "photo_space_incenter": [2406.0, 1725.0], "robot_state": {"photo_at_motor_position": [59754, 502130, 136000]}, "dest_photo_space_incenter": [10834.044385387217, 13469.646646356687], "dest_rotation": -8.557996678732296, "solution_x": 18, "solution_y": 19}