{"photo_space_origin": [1622.0, 959.0], "photo_space_incenter": [2041.0, 1388.0], "robot_state": {"photo_at_motor_position": [157294, 363498, 136000]}, "dest_photo_space_incenter": [16613.089527287775, 2499.546495626516], "dest_rotation": -4.079761204476047, "solution_x": 28, "solution_y": 3}