{"photo_space_origin": [1280.0, 1221.0], "photo_space_incenter": [1580.0, 1555.0], "robot_state": {"photo_at_motor_position": [157294, 587098, 136000]}, "dest_photo_space_incenter": [5495.334946864404, 12147.768832415155], "dest_rotation": 0.7501314936981394, "solution_x": 9, "solution_y": 17}