{"photo_space_origin": [1188.0, 1090.0], "photo_space_incenter": [1615.0, 1476.0], "robot_state": {"photo_at_motor_position": [59754, 381386, 136000]}, "dest_photo_space_incenter": [8417.672688993229, 5938.901411828697], "dest_rotation": -1.7271036357223826, "solution_x": 14, "solution_y": 8}