{"photo_space_origin": [1820.0, 1233.0], "photo_space_incenter": [2041.0, 1504.0], "robot_state": {"photo_at_motor_position": [147540, 376914, 136000]}, "dest_photo_space_incenter": [20732.47228747016, 2391.1737745835953], "dest_rotation": -5.616055265937183, "solution_x": 35, "solution_y": 3}