{"photo_space_origin": [1189.0, 1163.0], "photo_space_incenter": [1628.0, 1576.0], "robot_state": {"photo_at_motor_position": [371882, 412690, 136000]}, "dest_photo_space_incenter": [1995.11879989517, 9276.84979859008], "dest_rotation": -6.959374022532825, "solution_x": 3, "solution_y": 13}