{"photo_space_origin": [1964.0, 964.0], "photo_space_incenter": [2356.0, 1360.0], "robot_state": {"photo_at_motor_position": [254834, 542378, 136000]}, "dest_photo_space_incenter": [17818.174239070035, 5225.832679049579], "dest_rotation": -5.065854004556224, "solution_x": 30, "solution_y": 7}