{"photo_space_origin": [1633.0, 1029.0], "photo_space_incenter": [2054.0, 1404.0], "robot_state": {"photo_at_motor_position": [206064, 367970, 136000]}, "dest_photo_space_incenter": [22595.878341360112, 6372.959938870298], "dest_rotation": -0.1926692679553037, "solution_x": 38, "solution_y": 9}