{"photo_space_origin": [1265.0, 951.0], "photo_space_incenter": [1766.0, 1349.0], "robot_state": {"photo_at_motor_position": [323112, 417162, 136000]}, "dest_photo_space_incenter": [15620.491027295859, 8100.607604968838], "dest_rotation": -5.128323283191126, "solution_x": 26, "solution_y": 11}