{"photo_space_origin": [1120.0, 985.0], "photo_space_incenter": [1522.0, 1400.0], "robot_state": {"photo_at_motor_position": [362128, 524490, 136000]}, "dest_photo_space_incenter": [16721.029743470448, 6758.6866207632], "dest_rotation": -3.0604597370187627, "solution_x": 28, "solution_y": 9}