{"photo_space_origin": [1101.0, 1093.0], "photo_space_incenter": [1535.0, 1514.0], "robot_state": {"photo_at_motor_position": [186556, 367970, 136000]}, "dest_photo_space_incenter": [22558.633635845224, 5777.854902931062], "dest_rotation": -0.4507787476023464, "solution_x": 38, "solution_y": 8}