{"photo_space_origin": [1643.0, 1057.0], "photo_space_incenter": [2138.0, 1352.0], "robot_state": {"photo_at_motor_position": [371882, 457410, 136000]}, "dest_photo_space_incenter": [14831.205838832979, 12428.034942094262], "dest_rotation": -8.79646362138278, "solution_x": 25, "solution_y": 17}