{"photo_space_origin": [1138.0, 1094.0], "photo_space_incenter": [1778.0, 1607.0], "robot_state": {"photo_at_motor_position": [371882, 546850, 136000]}, "dest_photo_space_incenter": [9473.36628537581, 5246.502304323658], "dest_rotation": -2.8034511223718117, "solution_x": 16, "solution_y": 7}