{"photo_space_origin": [1181.0, 862.0], "photo_space_incenter": [1713.0, 1519.0], "robot_state": {"photo_at_motor_position": [79262, 488714, 136000]}, "dest_photo_space_incenter": [8962.067060836436, 7700.930160454465], "dest_rotation": -2.7738654206702633, "solution_x": 15, "solution_y": 11}