{"photo_space_origin": [1697.0, 767.0], "photo_space_incenter": [1889.0, 1127.0], "robot_state": {"photo_at_motor_position": [186556, 448466, 136000]}, "dest_photo_space_incenter": [10954.34293475829, 6072.573043578638], "dest_rotation": -3.235140442463334, "solution_x": 18, "solution_y": 8}