{"photo_space_origin": [1838.0, 862.0], "photo_space_incenter": [2250.0, 1367.0], "robot_state": {"photo_at_motor_position": [79262, 394802, 136000]}, "dest_photo_space_incenter": [23147.5, 413.06497480953476], "dest_rotation": -3.5458767834781266, "solution_x": 39, "solution_y": 0}