{"photo_space_origin": [1735.0, 949.0], "photo_space_incenter": [2461.0, 1386.0], "robot_state": {"photo_at_motor_position": [264588, 403746, 136000]}, "dest_photo_space_incenter": [17105.20657609049, 15810.98259069626], "dest_rotation": -4.669268485333682, "solution_x": 29, "solution_y": 22}