{"photo_space_origin": [1225.0, 735.0], "photo_space_incenter": [1740.0, 1259.0], "robot_state": {"photo_at_motor_position": [147540, 582626, 136000]}, "dest_photo_space_incenter": [4320.22026967921, 8139.736915597674], "dest_rotation": -4.708217001792802, "solution_x": 7, "solution_y": 11}