{"photo_space_origin": [1863.0, 1080.0], "photo_space_incenter": [2333.0, 1495.0], "robot_state": {"photo_at_motor_position": [352374, 533434, 136000]}, "dest_photo_space_incenter": [17787.514179936392, 9524.020592553428], "dest_rotation": -1.1165013813254432, "solution_x": 30, "solution_y": 13}