{"photo_space_origin": [1811.0, 1277.0], "photo_space_incenter": [2069.0, 1698.0], "robot_state": {"photo_at_motor_position": [342620, 457410, 136000]}, "dest_photo_space_incenter": [16670.346666009442, 3373.555714251891], "dest_rotation": -0.9392461515862562, "solution_x": 28, "solution_y": 4}