{"photo_space_origin": [1575.0, 977.0], "photo_space_incenter": [1882.0, 1444.0], "robot_state": {"photo_at_motor_position": [332866, 520018, 136000]}, "dest_photo_space_incenter": [6289.492729870735, 6134.1266781156555], "dest_rotation": -2.5141712231422564, "solution_x": 10, "solution_y": 8}