{"photo_space_origin": [1754.0, 856.0], "photo_space_incenter": [2160.0, 1356.0], "robot_state": {"photo_at_motor_position": [196310, 421634, 136000]}, "dest_photo_space_incenter": [1424.0668439996311, 7345.453236191153], "dest_rotation": -6.183363686378847, "solution_x": 2, "solution_y": 10}