{"photo_space_origin": [1587.0, 1022.0], "photo_space_incenter": [2174.0, 1459.0], "robot_state": {"photo_at_motor_position": [147540, 533434, 136000]}, "dest_photo_space_incenter": [3180.4097416798286, 17274.603585457124], "dest_rotation": -4.127657546065608, "solution_x": 5, "solution_y": 24}