{"photo_space_origin": [1710.0, 1055.0], "photo_space_incenter": [2113.0, 1519.0], "robot_state": {"photo_at_motor_position": [293850, 560266, 136000]}, "dest_photo_space_incenter": [4269.946380067708, 6701.711925857942], "dest_rotation": -4.215596505276231, "solution_x": 7, "solution_y": 9}