{"photo_space_origin": [1484.0, 1275.0], "photo_space_incenter": [1759.0, 1567.0], "robot_state": {"photo_at_motor_position": [284096, 403746, 136000]}, "dest_photo_space_incenter": [18384.245202281236, 14970.111301836201], "dest_rotation": -7.099275583947053, "solution_x": 31, "solution_y": 21}