{"photo_space_origin": [1360.0, 1200.0], "photo_space_incenter": [1742.0, 1711.0], "robot_state": {"photo_at_motor_position": [69508, 430578, 136000]}, "dest_photo_space_incenter": [17781.35988583706, 7244.446242109775], "dest_rotation": -3.6195953445976885, "solution_x": 30, "solution_y": 10}