{"photo_space_origin": [1093.0, 963.0], "photo_space_incenter": [1430.0, 1391.0], "robot_state": {"photo_at_motor_position": [69508, 345610, 136000]}, "dest_photo_space_incenter": [8492.526028478758, 6447.931821895427], "dest_rotation": -4.68046294552556, "solution_x": 14, "solution_y": 9}