{"photo_space_origin": [1356.0, 1199.0], "photo_space_incenter": [1884.0, 1589.0], "robot_state": {"photo_at_motor_position": [215818, 542378, 136000]}, "dest_photo_space_incenter": [12580.633886782887, 15874.48258570759], "dest_rotation": -4.33864609979711, "solution_x": 21, "solution_y": 22}