{"photo_space_origin": [1334.0, 1193.0], "photo_space_incenter": [1723.0, 1614.0], "robot_state": {"photo_at_motor_position": [313358, 426106, 136000]}, "dest_photo_space_incenter": [5620.375517578257, 3021.9318657452186], "dest_rotation": -4.62570159605553, "solution_x": 9, "solution_y": 4}