{"photo_space_origin": [1740.0, 768.0], "photo_space_incenter": [2284.0, 1294.0], "robot_state": {"photo_at_motor_position": [264588, 470826, 136000]}, "dest_photo_space_incenter": [23119.170402526855, 12151.564974809535], "dest_rotation": -1.6962339625642806, "solution_x": 39, "solution_y": 17}