{"photo_space_origin": [1378.0, 1294.0], "photo_space_incenter": [1831.0, 1757.0], "robot_state": {"photo_at_motor_position": [157294, 537906, 136000]}, "dest_photo_space_incenter": [951.6020984533948, 16464.505957912792], "dest_rotation": -7.335502178498685, "solution_x": 1, "solution_y": 23}