{"photo_space_origin": [1296.0, 866.0], "photo_space_incenter": [1736.0, 1308.0], "robot_state": {"photo_at_motor_position": [89016, 546850, 136000]}, "dest_photo_space_incenter": [9605.69545405877, 8575.094715315656], "dest_rotation": -5.109887394345774, "solution_x": 16, "solution_y": 12}