{"photo_space_origin": [1195.0, 1084.0], "photo_space_incenter": [1704.0, 1585.0], "robot_state": {"photo_at_motor_position": [137786, 466354, 136000]}, "dest_photo_space_incenter": [3874.7696136754844, 15594.080931178934], "dest_rotation": -1.2966731692530429, "solution_x": 6, "solution_y": 22}