{"photo_space_origin": [1322.0, 1244.0], "photo_space_incenter": [1744.0, 1635.0], "robot_state": {"photo_at_motor_position": [293850, 381386, 136000]}, "dest_photo_space_incenter": [22511.000347058776, 8034.788715824726], "dest_rotation": -0.8616912608190139, "solution_x": 38, "solution_y": 11}