{"photo_space_origin": [1108.0, 1171.0], "photo_space_incenter": [1549.0, 1554.0], "robot_state": {"photo_at_motor_position": [254834, 537906, 136000]}, "dest_photo_space_incenter": [14875.464166118876, 7445.740968332266], "dest_rotation": -2.1822920050174566, "solution_x": 25, "solution_y": 10}