{"photo_space_origin": [1319.0, 1083.0], "photo_space_incenter": [1664.0, 1555.0], "robot_state": {"photo_at_motor_position": [176802, 359026, 136000]}, "dest_photo_space_incenter": [21351.0, 519.7796977144171], "dest_rotation": -1.0921498426422396, "solution_x": 36, "solution_y": 0}