{"photo_space_origin": [1350.0, 1217.0], "photo_space_incenter": [1749.0, 1586.0], "robot_state": {"photo_at_motor_position": [167048, 524490, 136000]}, "dest_photo_space_incenter": [2591.1440007755, 16346.82459650902], "dest_rotation": -5.755450146206569, "solution_x": 4, "solution_y": 23}