{"photo_space_origin": [2074.0, 1301.0], "photo_space_incenter": [2458.0, 1673.0], "robot_state": {"photo_at_motor_position": [69508, 443994, 136000]}, "dest_photo_space_incenter": [10833.767025810286, 12943.82057167323], "dest_rotation": 0.3600512902132671, "solution_x": 18, "solution_y": 18}