{"photo_space_origin": [1257.0, 942.0], "photo_space_incenter": [1534.0, 1363.0], "robot_state": {"photo_at_motor_position": [303604, 488714, 136000]}, "dest_photo_space_incenter": [14235.284335814798, 3753.300701376897], "dest_rotation": -5.828946626989095, "solution_x": 24, "solution_y": 5}