{"photo_space_origin": [1207.0, 955.0], "photo_space_incenter": [1800.0, 1320.0], "robot_state": {"photo_at_motor_position": [245080, 475298, 136000]}, "dest_photo_space_incenter": [18372.494053652124, 16540.787519658177], "dest_rotation": -3.826015060692891, "solution_x": 31, "solution_y": 23}