{"photo_space_origin": [1564.0, 1003.0], "photo_space_incenter": [2009.0, 1603.0], "robot_state": {"photo_at_motor_position": [391390, 488714, 136000]}, "dest_photo_space_incenter": [3573.1870899729483, 6574.162562383841], "dest_rotation": -3.2935375785722383, "solution_x": 6, "solution_y": 9}