{"photo_space_origin": [1782.0, 1083.0], "photo_space_incenter": [2279.0, 1484.0], "robot_state": {"photo_at_motor_position": [254834, 488714, 136000]}, "dest_photo_space_incenter": [21389.786857007883, 12271.638291472478], "dest_rotation": -3.756449663614453, "solution_x": 36, "solution_y": 17}