{"photo_space_origin": [1801.0, 941.0], "photo_space_incenter": [2152.0, 1526.0], "robot_state": {"photo_at_motor_position": [147540, 367970, 136000]}, "dest_photo_space_incenter": [16647.6369905191, 1978.2584173808038], "dest_rotation": -0.9098215451983283, "solution_x": 28, "solution_y": 2}