{"photo_space_origin": [1925.0, 997.0], "photo_space_incenter": [2265.0, 1691.0], "robot_state": {"photo_at_motor_position": [323112, 470826, 136000]}, "dest_photo_space_incenter": [12556.148632601029, 10682.69823050471], "dest_rotation": -3.3678435926159174, "solution_x": 21, "solution_y": 15}