{"photo_space_origin": [1288.0, 986.0], "photo_space_incenter": [1931.0, 1365.0], "robot_state": {"photo_at_motor_position": [206064, 546850, 136000]}, "dest_photo_space_incenter": [3684.3467780625133, 16369.5262403123], "dest_rotation": 1.7691393368581254, "solution_x": 6, "solution_y": 23}