{"photo_space_origin": [1977.0, 1037.0], "photo_space_incenter": [2268.0, 1598.0], "robot_state": {"photo_at_motor_position": [147540, 359026, 136000]}, "dest_photo_space_incenter": [15488.005029757544, 1053.4265312298216], "dest_rotation": -3.4446791068602174, "solution_x": 26, "solution_y": 1}