{"photo_space_origin": [1300.0, 881.0], "photo_space_incenter": [1786.0, 1434.0], "robot_state": {"photo_at_motor_position": [79262, 412690, 136000]}, "dest_photo_space_incenter": [18385.800032593255, 5935.358901371629], "dest_rotation": -2.189777422998909, "solution_x": 31, "solution_y": 8}