{"photo_space_origin": [1913.0, 1154.0], "photo_space_incenter": [2328.0, 1539.0], "robot_state": {"photo_at_motor_position": [254834, 448466, 136000]}, "dest_photo_space_incenter": [20876.258733236566, 16495.79235905448], "dest_rotation": -7.613219676175989, "solution_x": 35, "solution_y": 23}