{"photo_space_origin": [1198.0, 967.0], "photo_space_incenter": [1611.0, 1452.0], "robot_state": {"photo_at_motor_position": [313358, 542378, 136000]}, "dest_photo_space_incenter": [10876.78857411998, 10100.227235632385], "dest_rotation": -2.559657891759069, "solution_x": 18, "solution_y": 14}