{"photo_space_origin": [1395.0, 936.0], "photo_space_incenter": [1796.0, 1548.0], "robot_state": {"photo_at_motor_position": [147540, 421634, 136000]}, "dest_photo_space_incenter": [2007.576607032, 13515.353624115658], "dest_rotation": -3.6621205800253804, "solution_x": 3, "solution_y": 19}