{"photo_space_origin": [1427.0, 1106.0], "photo_space_incenter": [1837.0, 1358.0], "robot_state": {"photo_at_motor_position": [167048, 381386, 136000]}, "dest_photo_space_incenter": [7224.001482763331, 2358.8564175004312], "dest_rotation": -0.7771767294233021, "solution_x": 12, "solution_y": 3}