{"photo_space_origin": [1909.0, 1101.0], "photo_space_incenter": [2230.0, 1498.0], "robot_state": {"photo_at_motor_position": [284096, 555794, 136000]}, "dest_photo_space_incenter": [4435.217037962898, 10754.631578127908], "dest_rotation": -4.539228107508682, "solution_x": 7, "solution_y": 15}