{"photo_space_origin": [1180.0, 1095.0], "photo_space_incenter": [1521.0, 1698.0], "robot_state": {"photo_at_motor_position": [284096, 506602, 136000]}, "dest_photo_space_incenter": [6308.048206006012, 6672.17600018745], "dest_rotation": -2.453925119957501, "solution_x": 10, "solution_y": 9}