{"photo_space_origin": [1152.0, 1224.0], "photo_space_incenter": [1729.0, 1637.0], "robot_state": {"photo_at_motor_position": [69508, 439522, 136000]}, "dest_photo_space_incenter": [11807.183439779039, 4623.713262853036], "dest_rotation": -1.9401131637521292, "solution_x": 20, "solution_y": 6}