{"photo_space_origin": [1178.0, 970.0], "photo_space_incenter": [1654.0, 1452.0], "robot_state": {"photo_at_motor_position": [245080, 435050, 136000]}, "dest_photo_space_incenter": [7906.0, 360.4847412109375], "dest_rotation": -1.7324927739654534, "solution_x": 13, "solution_y": 0}