{"photo_space_origin": [1418.0, 1207.0], "photo_space_incenter": [1815.0, 1734.0], "robot_state": {"photo_at_motor_position": [186556, 555794, 136000]}, "dest_photo_space_incenter": [16192.409741679829, 17071.358594601203], "dest_rotation": -8.593712645256737, "solution_x": 27, "solution_y": 24}