{"photo_space_origin": [1161.0, 946.0], "photo_space_incenter": [1565.0, 1336.0], "robot_state": {"photo_at_motor_position": [254834, 381386, 136000]}, "dest_photo_space_incenter": [20287.862990280617, 14770.47916906896], "dest_rotation": -5.947624320447567, "solution_x": 34, "solution_y": 21}