{"photo_space_origin": [1906.0, 1184.0], "photo_space_incenter": [2275.0, 1609.0], "robot_state": {"photo_at_motor_position": [215818, 350082, 136000]}, "dest_photo_space_incenter": [21993.120228780033, 5141.734785285747], "dest_rotation": -4.088716246009668, "solution_x": 37, "solution_y": 7}