{"photo_space_origin": [1968.0, 1034.0], "photo_space_incenter": [2380.0, 1571.0], "robot_state": {"photo_at_motor_position": [225572, 350082, 136000]}, "dest_photo_space_incenter": [21914.719279619618, 4506.824739518906], "dest_rotation": -4.627598352336608, "solution_x": 37, "solution_y": 6}