{"photo_space_origin": [1249.0, 1204.0], "photo_space_incenter": [1699.0, 1652.0], "robot_state": {"photo_at_motor_position": [293850, 493186, 136000]}, "dest_photo_space_incenter": [9678.385599049383, 7274.4512710124745], "dest_rotation": -1.6013978688274833, "solution_x": 16, "solution_y": 10}