{"photo_space_origin": [1596.0, 1187.0], "photo_space_incenter": [1972.0, 1716.0], "robot_state": {"photo_at_motor_position": [381636, 435050, 136000]}, "dest_photo_space_incenter": [10258.405404805384, 14166.60512597943], "dest_rotation": 2.3311720079504568, "solution_x": 17, "solution_y": 20}