{"photo_space_origin": [1326.0, 1108.0], "photo_space_incenter": [1629.0, 1479.0], "robot_state": {"photo_at_motor_position": [206064, 555794, 136000]}, "dest_photo_space_incenter": [14299.257681009936, 14865.99988067017], "dest_rotation": -5.04431285214801, "solution_x": 24, "solution_y": 21}