{"photo_space_origin": [1212.0, 954.0], "photo_space_incenter": [1594.0, 1378.0], "robot_state": {"photo_at_motor_position": [313358, 470826, 136000]}, "dest_photo_space_incenter": [7798.125826353176, 3111.402935375283], "dest_rotation": -6.284649843041731, "solution_x": 13, "solution_y": 4}