{"photo_space_origin": [1992.0, 773.0], "photo_space_incenter": [2484.0, 1204.0], "robot_state": {"photo_at_motor_position": [69508, 345610, 136000]}, "dest_photo_space_incenter": [14868.55280417528, 9401.892698445752], "dest_rotation": -6.162817029694579, "solution_x": 25, "solution_y": 13}