{"photo_space_origin": [1796.0, 842.0], "photo_space_incenter": [2319.0, 1246.0], "robot_state": {"photo_at_motor_position": [89016, 345610, 136000]}, "dest_photo_space_incenter": [7994.498753551592, 14479.767515463573], "dest_rotation": -4.643538885848774, "solution_x": 13, "solution_y": 20}