{"photo_space_origin": [1171.0, 1249.0], "photo_space_incenter": [1602.0, 1705.0], "robot_state": {"photo_at_motor_position": [196310, 479770, 136000]}, "dest_photo_space_incenter": [5633.760380713674, 1062.3765504937473], "dest_rotation": -2.0412303964650667, "solution_x": 9, "solution_y": 1}