{"photo_space_origin": [1320.0, 1188.0], "photo_space_incenter": [1682.0, 1648.0], "robot_state": {"photo_at_motor_position": [284096, 376914, 136000]}, "dest_photo_space_incenter": [21956.793494640788, 10789.650870260504], "dest_rotation": -2.730300410783766, "solution_x": 37, "solution_y": 15}