{"photo_space_origin": [1103.0, 1248.0], "photo_space_incenter": [1679.0, 1609.0], "robot_state": {"photo_at_motor_position": [176802, 488714, 136000]}, "dest_photo_space_incenter": [11287.608815555985, 11555.124118966192], "dest_rotation": -9.325311140561622, "solution_x": 19, "solution_y": 16}