{"photo_space_origin": [1297.0, 964.0], "photo_space_incenter": [1757.0, 1420.0], "robot_state": {"photo_at_motor_position": [245080, 542378, 136000]}, "dest_photo_space_incenter": [16687.118121238775, 4485.796345158883], "dest_rotation": -2.2779323124701545, "solution_x": 28, "solution_y": 6}