{"photo_space_origin": [1437.0, 1131.0], "photo_space_incenter": [1866.0, 1689.0], "robot_state": {"photo_at_motor_position": [352374, 542378, 136000]}, "dest_photo_space_incenter": [3083.034681747928, 13764.456874367317], "dest_rotation": -5.7223947769753245, "solution_x": 5, "solution_y": 19}