{"photo_space_origin": [1838.0, 997.0], "photo_space_incenter": [2360.0, 1425.0], "robot_state": {"photo_at_motor_position": [362128, 578154, 136000]}, "dest_photo_space_incenter": [13739.704200754648, 5494.915882176619], "dest_rotation": -3.4625971703134635, "solution_x": 23, "solution_y": 7}