{"photo_space_origin": [1779.0, 1102.0], "photo_space_incenter": [2068.0, 1415.0], "robot_state": {"photo_at_motor_position": [196310, 542378, 136000]}, "dest_photo_space_incenter": [11443.611788630995, 16417.372447965015], "dest_rotation": -3.564970112243908, "solution_x": 19, "solution_y": 23}