{"photo_space_origin": [1533.0, 770.0], "photo_space_incenter": [2048.0, 1271.0], "robot_state": {"photo_at_motor_position": [342620, 461882, 136000]}, "dest_photo_space_incenter": [6099.742242108646, 14471.927697860414], "dest_rotation": 0.35061712568998926, "solution_x": 10, "solution_y": 20}