{"photo_space_origin": [1114.0, 888.0], "photo_space_incenter": [1669.0, 1407.0], "robot_state": {"photo_at_motor_position": [176802, 376914, 136000]}, "dest_photo_space_incenter": [7902.439254537764, 2345.0936445726234], "dest_rotation": -0.2516803838803714, "solution_x": 13, "solution_y": 3}