{"photo_space_origin": [1153.0, 906.0], "photo_space_incenter": [1416.0, 1338.0], "robot_state": {"photo_at_motor_position": [225572, 573682, 136000]}, "dest_photo_space_incenter": [7792.937915848579, 12205.169672767295], "dest_rotation": -5.600853893758203, "solution_x": 13, "solution_y": 17}