{"photo_space_origin": [1446.0, 846.0], "photo_space_incenter": [1936.0, 1449.0], "robot_state": {"photo_at_motor_position": [303604, 461882, 136000]}, "dest_photo_space_incenter": [6245.65783241079, 5158.837931009781], "dest_rotation": -2.891758404774015, "solution_x": 10, "solution_y": 7}