{"photo_space_origin": [1253.0, 878.0], "photo_space_incenter": [1700.0, 1442.0], "robot_state": {"photo_at_motor_position": [79262, 430578, 136000]}, "dest_photo_space_incenter": [8584.70601269574, 13780.528810410024], "dest_rotation": -6.451068388030965, "solution_x": 14, "solution_y": 19}