{"photo_space_origin": [1597.0, 1038.0], "photo_space_incenter": [2015.0, 1596.0], "robot_state": {"photo_at_motor_position": [235326, 408218, 136000]}, "dest_photo_space_incenter": [10224.200171353043, 2368.3718614349336], "dest_rotation": -4.879729925083071, "solution_x": 17, "solution_y": 3}