{"photo_space_origin": [1989.0, 1123.0], "photo_space_incenter": [2399.0, 1519.0], "robot_state": {"photo_at_motor_position": [59754, 461882, 136000]}, "dest_photo_space_incenter": [8983.180695174915, 8644.681368043844], "dest_rotation": -3.2369265846467767, "solution_x": 15, "solution_y": 12}