{"photo_space_origin": [1844.0, 1222.0], "photo_space_incenter": [2263.0, 1647.0], "robot_state": {"photo_at_motor_position": [274342, 367970, 136000]}, "dest_photo_space_incenter": [22001.81749737556, 10128.879031898025], "dest_rotation": 0.2709907348757361, "solution_x": 37, "solution_y": 14}