{"photo_space_origin": [1183.0, 876.0], "photo_space_incenter": [1796.0, 1472.0], "robot_state": {"photo_at_motor_position": [254834, 479770, 136000]}, "dest_photo_space_incenter": [22563.40974167983, 17253.898308142867], "dest_rotation": -5.289245548712465, "solution_x": 38, "solution_y": 24}