{"photo_space_origin": [1627.0, 703.0], "photo_space_incenter": [1911.0, 1148.0], "robot_state": {"photo_at_motor_position": [362128, 564738, 136000]}, "dest_photo_space_incenter": [2650.093662049597, 4033.0269903868534], "dest_rotation": -2.7529911616224663, "solution_x": 4, "solution_y": 5}