{"photo_space_origin": [1431.0, 991.0], "photo_space_incenter": [1916.0, 1464.0], "robot_state": {"photo_at_motor_position": [128032, 421634, 136000]}, "dest_photo_space_incenter": [3774.252782943936, 2410.6082385308464], "dest_rotation": -2.095601721049073, "solution_x": 6, "solution_y": 3}