{"photo_space_origin": [1434.0, 956.0], "photo_space_incenter": [1808.0, 1561.0], "robot_state": {"photo_at_motor_position": [245080, 569210, 136000]}, "dest_photo_space_incenter": [8363.51962928761, 10084.942625122678], "dest_rotation": -4.7557653015014925, "solution_x": 14, "solution_y": 14}