{"photo_space_origin": [1167.0, 1109.0], "photo_space_incenter": [1624.0, 1702.0], "robot_state": {"photo_at_motor_position": [293850, 533434, 136000]}, "dest_photo_space_incenter": [10239.33745991947, 4648.095084125111], "dest_rotation": -6.125492414414202, "solution_x": 17, "solution_y": 6}