{"photo_space_origin": [1891.0, 1233.0], "photo_space_incenter": [2224.0, 1538.0], "robot_state": {"photo_at_motor_position": [128032, 578154, 136000]}, "dest_photo_space_incenter": [8873.202529356211, 4473.006015570506], "dest_rotation": -4.883539866431306, "solution_x": 15, "solution_y": 6}