{"photo_space_origin": [1681.0, 814.0], "photo_space_incenter": [2160.0, 1228.0], "robot_state": {"photo_at_motor_position": [313358, 533434, 136000]}, "dest_photo_space_incenter": [17879.935688676087, 11510.970083907014], "dest_rotation": -8.231968847265902, "solution_x": 30, "solution_y": 16}