{"photo_space_origin": [1535.0, 886.0], "photo_space_incenter": [1985.0, 1322.0], "robot_state": {"photo_at_motor_position": [108524, 363498, 136000]}, "dest_photo_space_incenter": [14295.151610245208, 1795.9015091280166], "dest_rotation": -3.366483463043634, "solution_x": 24, "solution_y": 2}