{"photo_space_origin": [1942.0, 1060.0], "photo_space_incenter": [2306.0, 1521.0], "robot_state": {"photo_at_motor_position": [362128, 376914, 136000]}, "dest_photo_space_incenter": [2532.414061762267, 11439.889643091225], "dest_rotation": -6.140049394017391, "solution_x": 4, "solution_y": 16}