{"photo_space_origin": [1732.0, 1236.0], "photo_space_incenter": [2386.0, 1617.0], "robot_state": {"photo_at_motor_position": [362128, 367970, 136000]}, "dest_photo_space_incenter": [4334.103748189675, 8849.585207156868], "dest_rotation": -4.15433170305116, "solution_x": 7, "solution_y": 12}