{"photo_space_origin": [1193.0, 1056.0], "photo_space_incenter": [1596.0, 1440.0], "robot_state": {"photo_at_motor_position": [59754, 475298, 136000]}, "dest_photo_space_incenter": [5471.076902453566, 10159.058554649979], "dest_rotation": -3.2289992924558817, "solution_x": 9, "solution_y": 14}