{"photo_space_origin": [1105.0, 1216.0], "photo_space_incenter": [1630.0, 1561.0], "robot_state": {"photo_at_motor_position": [352374, 511074, 136000]}, "dest_photo_space_incenter": [18560.575107491022, 11664.129198191891], "dest_rotation": -4.1608314628192105, "solution_x": 31, "solution_y": 16}