{"photo_space_origin": [1515.0, 1062.0], "photo_space_incenter": [2072.0, 1648.0], "robot_state": {"photo_at_motor_position": [89016, 497658, 136000]}, "dest_photo_space_incenter": [12535.585743441354, 8508.495882435654], "dest_rotation": -2.624326255580246, "solution_x": 21, "solution_y": 12}