{"photo_space_origin": [1925.0, 1162.0], "photo_space_incenter": [2474.0, 1707.0], "robot_state": {"photo_at_motor_position": [157294, 390330, 136000]}, "dest_photo_space_incenter": [4271.0051154165085, 1796.8544449682188], "dest_rotation": -3.944308252590487, "solution_x": 7, "solution_y": 2}