{"photo_space_origin": [1209.0, 780.0], "photo_space_incenter": [1723.0, 1289.0], "robot_state": {"photo_at_motor_position": [59754, 555794, 136000]}, "dest_photo_space_incenter": [18398.08438258617, 3840.018853986515], "dest_rotation": -2.543281452401226, "solution_x": 31, "solution_y": 5}