{"photo_space_origin": [1356.0, 941.0], "photo_space_incenter": [1792.0, 1426.0], "robot_state": {"photo_at_motor_position": [157294, 555794, 136000]}, "dest_photo_space_incenter": [321.8258118066524, 14964.940779198023], "dest_rotation": -3.189972005482008, "solution_x": 0, "solution_y": 21}