{"photo_space_origin": [1454.0, 1164.0], "photo_space_incenter": [1806.0, 1508.0], "robot_state": {"photo_at_motor_position": [342620, 587098, 136000]}, "dest_photo_space_incenter": [13169.881694844811, 6584.688531524174], "dest_rotation": -4.736640853350515, "solution_x": 22, "solution_y": 9}