{"photo_space_origin": [1339.0, 1079.0], "photo_space_incenter": [1885.0, 1494.0], "robot_state": {"photo_at_motor_position": [206064, 537906, 136000]}, "dest_photo_space_incenter": [12615.71792948449, 16432.40746712221], "dest_rotation": 0.5233376343394593, "solution_x": 21, "solution_y": 23}