{"photo_space_origin": [1993.0, 934.0], "photo_space_incenter": [2372.0, 1302.0], "robot_state": {"photo_at_motor_position": [332866, 533434, 136000]}, "dest_photo_space_incenter": [4339.970360716614, 6065.2039417133465], "dest_rotation": -4.700916881428787, "solution_x": 7, "solution_y": 8}