{"photo_space_origin": [1083.0, 887.0], "photo_space_incenter": [1536.0, 1376.0], "robot_state": {"photo_at_motor_position": [176802, 403746, 136000]}, "dest_photo_space_incenter": [263.4266132379158, 12196.440779198023], "dest_rotation": -3.5717251202312696, "solution_x": 0, "solution_y": 17}