{"photo_space_origin": [1355.0, 926.0], "photo_space_incenter": [1760.0, 1272.0], "robot_state": {"photo_at_motor_position": [79262, 376914, 136000]}, "dest_photo_space_incenter": [3103.183109300176, 6626.539461701268], "dest_rotation": -4.369367528267405, "solution_x": 5, "solution_y": 9}