{"photo_space_origin": [1251.0, 1163.0], "photo_space_incenter": [1807.0, 1552.0], "robot_state": {"photo_at_motor_position": [313358, 417162, 136000]}, "dest_photo_space_incenter": [17523.99856059713, 12915.826440124307], "dest_rotation": -6.3439368873139985, "solution_x": 29, "solution_y": 18}