{"photo_space_origin": [1877.0, 1016.0], "photo_space_incenter": [2251.0, 1480.0], "robot_state": {"photo_at_motor_position": [362128, 555794, 136000]}, "dest_photo_space_incenter": [15602.185435237141, 9513.81032872909], "dest_rotation": -3.0521346983268405, "solution_x": 26, "solution_y": 13}