{"photo_space_origin": [1352.0, 1007.0], "photo_space_incenter": [1941.0, 1484.0], "robot_state": {"photo_at_motor_position": [264588, 457410, 136000]}, "dest_photo_space_incenter": [20309.5842374582, 16324.970333598674], "dest_rotation": -0.3948862510884017, "solution_x": 34, "solution_y": 23}