{"photo_space_origin": [1073.0, 1171.0], "photo_space_incenter": [1473.0, 1662.0], "robot_state": {"photo_at_motor_position": [206064, 506602, 136000]}, "dest_photo_space_incenter": [3089.8543702472534, 1678.5101594729163], "dest_rotation": -4.416555531500636, "solution_x": 5, "solution_y": 2}